timeframe,context_code,horizon_sec,status,n,long_positive_n,long_positive_pct,long_net_p25_usd,long_net_median_usd,long_net_p75_usd,long_mfe_p25_usd,long_mfe_median_usd,long_mfe_p75_usd,long_mae_p25_usd,long_mae_median_usd,long_mae_p75_usd,short_positive_n,short_positive_pct,short_net_p25_usd,short_net_median_usd,short_net_p75_usd,short_mfe_p25_usd,short_mfe_median_usd,short_mfe_p75_usd,short_mae_p25_usd,short_mae_median_usd,short_mae_p75_usd
10m,P1_BUILDING,180,OK,4,1,25.0,-82.7505,-61.184000000000005,-18.539500000000004,-22.456500000000002,-1.2279999999999998,59.1175,-86.34075,-66.5655,-53.575500000000005,3,75.0,-24.806,15.591999999999999,38.059749999999994,9.94,20.6565,41.6545,-97.9285,-41.6235,-23.875
10m,P1_BUILDING,180,QUOTE_GAP,1,1,100.0,2.508,2.508,2.508,29.269,29.269,29.269,-87.706,-87.706,-87.706,0,0.0,-42.508,-42.508,-42.508,47.706,47.706,47.706,-68.282,-68.282,-68.282
10m,P1_BUILDING,300,OK,5,2,40.0,-55.153,-49.902,45.297,-22.437,19.981,65.669,-87.706,-69.815,-63.316,3,60.0,-85.127,3.464,10.637,17.936,23.377,47.706,-104.579,-59.19,-24.057
10m,P1_BUILDING,600,OK,4,2,50.0,-104.5885,-20.340999999999998,64.67500000000001,9.3765,82.225,172.5845,-121.224,-90.992,-71.868,2,50.0,-104.033,-22.137,60.5045,32.2675,48.24,77.15125,-211.89275,-121.768,-50.22475
10m,P1_BUILDING,600,QUOTE_GAP,1,0,0.0,-52.821,-52.821,-52.821,-22.515,-22.515,-22.515,-126.861,-126.861,-126.861,1,100.0,7.298,7.298,7.298,83.694,83.694,83.694,-24.057,-24.057,-24.057
10m,P1_MISSING,180,OK,1,0,0.0,-42.342,-42.342,-42.342,-2.402,-2.402,-2.402,-42.439,-42.439,-42.439,1,100.0,2.342,2.342,2.342,2.439,2.439,2.439,-37.465,-37.465,-37.465
10m,P1_MISSING,300,OK,1,0,0.0,-40.849,-40.849,-40.849,-2.402,-2.402,-2.402,-50.759,-50.759,-50.759,1,100.0,1.81,1.81,1.81,10.894,10.894,10.894,-37.465,-37.465,-37.465
10m,P1_MISSING,600,OK,1,0,0.0,-66.825,-66.825,-66.825,-2.402,-2.402,-2.402,-73.678,-73.678,-73.678,1,100.0,27.942,27.942,27.942,34.009,34.009,34.009,-37.465,-37.465,-37.465
10m,P1_UNWINDING,180,OK,2,1,50.0,-70.68525,-43.7405,-16.795749999999998,-11.24525,-3.7835,3.6782500000000002,-78.848,-59.232,-39.616,1,50.0,-22.620750000000008,4.458499999999997,31.53775,0.24649999999999928,20.493,40.7395,-43.138250000000006,-35.5275,-27.91675
10m,P1_UNWINDING,180,QUOTE_GAP,2,0,0.0,-33.67875,-27.2505,-20.82225,-17.898249999999997,-16.2095,-14.52075,-43.076,-37.345,-31.614,1,50.0,-17.777,-11.524000000000001,-5.271000000000001,-6.73225,-0.5344999999999995,5.66325,-24.12575,-22.6595,-21.19325
10m,P1_UNWINDING,300,OK,3,1,33.333333333333336,-40.6175,-10.432,-1.5430000000000001,-15.0095,-10.432,8.946000000000002,-48.692499999999995,-25.883,-22.941499999999998,1,33.333333333333336,-37.4835,-28.28,1.4314999999999998,-16.465,-12.93,9.761500000000002,-48.4095,-28.654,-24.1905
10m,P1_UNWINDING,600,OK,4,1,25.0,-98.55775,-48.6435,-14.02525,-18.927,-14.569500000000001,-0.7429999999999994,-115.24875,-53.6505,-26.5955,2,50.0,-25.417499999999997,9.850000000000001,60.56875,-13.20275,15.562000000000001,78.57900000000001,-38.53175,-24.48,-20.161250000000003
10m,P2_BUILDING,180,OK,2,1,50.0,-21.16425,-11.4625,-1.7607499999999998,-1.5840000000000005,1.6869999999999994,4.957999999999999,-33.0105,-28.63,-24.249499999999998,0,0.0,-37.79975,-28.2445,-18.68925,-15.484000000000002,-11.124,-6.764,-44.805,-41.585,-38.365
10m,P2_BUILDING,300,OK,2,0,0.0,-24.56675,-23.7305,-22.89425,2.25,4.242999999999999,6.236,-35.59375,-33.7965,-31.999250000000004,0,0.0,-16.591,-15.876000000000001,-15.161000000000001,-6.712,-5.276,-3.84,-46.083,-44.141,-42.199
10m,P2_BUILDING,600,OK,2,1,50.0,-21.2075,-13.11,-5.0125,12.530249999999999,16.8315,21.13275,-40.88675,-39.7215,-38.55625,0,0.0,-34.5215,-26.529000000000003,-18.5365,-1.25225,-0.10050000000000003,1.05125,-61.029250000000005,-56.694500000000005,-52.35975
10m,P2_UNWINDING,180,OK,1,0,0.0,-86.456,-86.456,-86.456,40.665,40.665,40.665,-89.146,-89.146,-89.146,1,100.0,46.456,46.456,46.456,50.659,50.659,50.659,-79.16,-79.16,-79.16
10m,P2_UNWINDING,300,QUOTE_GAP,1,0,0.0,-12.235,-12.235,-12.235,40.665,40.665,40.665,-116.138,-116.138,-116.138,0,0.0,-26.917,-26.917,-26.917,76.138,76.138,76.138,-79.16,-79.16,-79.16
10m,P2_UNWINDING,600,OK,1,0,0.0,-57.558,-57.558,-57.558,41.465,41.465,41.465,-116.138,-116.138,-116.138,1,100.0,17.561,17.561,17.561,76.138,76.138,76.138,-80.54,-80.54,-80.54
10m,P3_BUILDING,180,OK,2,0,0.0,-30.591500000000003,-27.964,-25.3365,-18.00625,-17.0295,-16.05275,-34.24825,-31.996499999999997,-29.74475,0,0.0,-12.77925,-10.1385,-7.49775,-8.57,-6.526000000000001,-4.482,-21.152,-20.813000000000002,-20.474
10m,P3_BUILDING,300,OK,2,1,50.0,-6.86275,1.1454999999999993,9.153749999999999,-5.282749999999999,3.1535,11.58975,-37.4395,-34.124,-30.808500000000002,0,0.0,-47.497749999999996,-39.7475,-31.99725,-6.99525,-3.3765,0.24224999999999985,-49.3735,-41.055,-32.7365
10m,P3_BUILDING,600,OK,2,0,0.0,-42.15775,-35.2605,-28.36325,-3.640249999999999,6.4385,16.51725,-49.99575,-46.9155,-43.83525,1,50.0,-10.17125,-2.6905,4.79025,7.3115000000000006,10.762,14.2125,-54.64825,-44.5715,-34.494749999999996
10m,P3_UNWINDING,180,OK,1,0,0.0,-19.657,-19.657,-19.657,-18.17,-18.17,-18.17,-19.883,-19.883,-19.883,0,0.0,-18.483,-18.483,-18.483,-16.868,-16.868,-16.868,-18.484,-18.484,-18.484
10m,P3_UNWINDING,300,OK,1,0,0.0,-17.77,-17.77,-17.77,-17.754,-17.754,-17.754,-19.883,-19.883,-19.883,0,0.0,-19.247,-19.247,-19.247,-16.868,-16.868,-16.868,-19.773,-19.773,-19.773
10m,P3_UNWINDING,600,OK,1,0,0.0,-20.121,-20.121,-20.121,-15.852,-15.852,-15.852,-61.876,-61.876,-61.876,0,0.0,-18.052,-18.052,-18.052,25.028,25.028,25.028,-19.773,-19.773,-19.773
10m,P4_BUILDING,180,OK,3,0,0.0,-21.891,-17.087,-10.9355,-12.809000000000001,-10.321,-7.5525,-52.169,-35.818,-31.307499999999997,0,0.0,-28.697000000000003,-22.346,-17.376,-6.7995,-2.44,13.2165,-32.0805,-29.112,-26.9075
10m,P4_BUILDING,300,OK,3,0,0.0,-31.171,-27.988,-21.758,-12.809000000000001,-10.321,-6.109,-52.169,-35.818,-31.903999999999996,0,0.0,-17.383000000000003,-10.861,-8.2535,-6.209499999999999,-2.44,13.2165,-33.4955,-29.112,-26.9075
10m,P4_BUILDING,600,OK,3,0,0.0,-60.16499999999999,-37.879,-32.3005,-8.597,-1.897,3.6179999999999994,-61.5255,-40.0,-39.077,1,33.333333333333336,-6.4805,-2.121,20.607499999999998,0.31000000000000005,2.06,23.2925,-42.8765,-37.879,-31.290999999999997
10m,P4_UNWINDING,180,OK,5,0,0.0,-51.246,-33.574,-27.028,-21.768,-20.0,-12.086,-51.799,-38.369,-37.373,2,40.0,-20.972,-5.462,3.246,-10.627,-0.42,4.082,-34.456,-25.446,-24.0
10m,P4_UNWINDING,300,OK,4,0,0.0,-40.66775,-25.936,-18.10275,-17.55375,-14.1175,-0.9587500000000002,-58.595749999999995,-53.614000000000004,-48.58025,1,25.0,-22.712,-13.2705,-0.4355000000000002,5.365499999999999,12.05,18.82525,-44.011,-30.128,-24.828500000000002
10m,P4_UNWINDING,300,QUOTE_GAP,1,0,0.0,-47.927,-47.927,-47.927,-24.0,-24.0,-24.0,-66.163,-66.163,-66.163,0,0.0,-0.073,-0.073,-0.073,21.771,21.771,21.771,-24.0,-24.0,-24.0
10m,P4_UNWINDING,600,OK,5,0,0.0,-48.402,-37.889,-19.788,-21.768,-16.149,-0.88,-71.652,-66.163,-51.986,2,40.0,-20.212,-1.755,1.686,7.794,21.771,28.181,-45.515,-25.446,-24.0
10m,P5_BUILDING,180,OK,3,0,0.0,-54.650000000000006,-32.246,-16.916,-19.7695,-19.563,29.820499999999996,-76.11,-36.916,-27.136499999999998,1,33.333333333333336,-21.0795,-6.402,15.8565,-9.4575,-1.572,37.0815,-68.2615,-19.976,-19.773
10m,P5_BUILDING,300,OK,3,2,66.66666666666667,-31.554499999999997,7.56,31.64,-5.2695,9.024,47.0815,-76.11,-36.916,-27.136499999999998,1,33.333333333333336,-69.94550000000001,-46.828,-7.864000000000001,-9.4575,-1.572,37.0815,-84.0525,-46.876,-33.223
10m,P5_BUILDING,600,OK,2,1,50.0,-40.074749999999995,35.109500000000004,110.29374999999999,32.108000000000004,83.77900000000001,135.45000000000002,-104.82874999999999,-75.6715,-46.51425,1,50.0,-147.869,-72.917,2.0349999999999966,10.874750000000002,39.0925,67.31025,-172.936,-121.814,-70.692
10m,P5_BUILDING,600,QUOTE_GAP,1,1,100.0,2.625,2.625,2.625,57.445,57.445,57.445,-36.916,-36.916,-36.916,0,0.0,-41.32,-41.32,-41.32,-1.572,-1.572,-1.572,-95.984,-95.984,-95.984
10m,P5_UNWINDING,180,OK,2,1,50.0,-6.752999999999999,-0.9669999999999996,4.819000000000001,-1.7202499999999996,2.4285000000000005,6.577250000000001,-18.470750000000002,-18.4265,-18.38225,0,0.0,-42.554249999999996,-36.4815,-30.408749999999998,-18.10775,-18.0505,-17.99325,-43.90225,-38.9135,-33.924749999999996
10m,P5_UNWINDING,300,OK,1,1,100.0,10.626,10.626,10.626,10.953,10.953,10.953,-18.338,-18.338,-18.338,0,0.0,-48.627,-48.627,-48.627,-18.165,-18.165,-18.165,-49.118,-49.118,-49.118
10m,P5_UNWINDING,300,QUOTE_GAP,1,0,0.0,-16.65,-16.65,-16.65,-5.869,-5.869,-5.869,-18.515,-18.515,-18.515,0,0.0,-19.036,-19.036,-19.036,-17.936,-17.936,-17.936,-28.936,-28.936,-28.936
10m,P5_UNWINDING,600,OK,2,1,50.0,-16.254250000000003,-9.0455,-1.8367500000000003,-0.9517499999999997,3.9655000000000005,8.882750000000001,-23.319499999999998,-21.659,-19.9985,0,0.0,-35.53675,-27.5365,-19.53625,-16.507749999999998,-14.8505,-13.193249999999999,-45.831250000000004,-40.1995,-34.56775
10m,P6_BUILDING,180,OK,2,1,50.0,9.009250000000002,33.7695,58.52975,20.6965,51.387,82.07749999999999,-27.83875,-25.1215,-22.40425,0,0.0,-98.25025,-73.2105,-48.17075,-15.6345,-13.219999999999999,-10.8055,-121.58274999999999,-90.6845,-59.786249999999995
10m,P6_BUILDING,300,OK,2,1,50.0,27.485,58.481,89.47699999999999,33.022749999999995,68.98849999999999,104.95425,-27.83875,-25.1215,-22.40425,0,0.0,-128.954,-97.52000000000001,-66.086,-15.6345,-13.219999999999999,-10.8055,-144.589,-108.258,-71.92699999999999
10m,P6_BUILDING,600,OK,2,2,100.0,42.27575,71.7705,101.26525,52.714749999999995,92.2815,131.84825,-27.83875,-25.1215,-22.40425,0,0.0,-140.42025,-110.83449999999999,-81.24875,-15.6345,-13.219999999999999,-10.8055,-171.12025,-131.3175,-91.51475
10m,P6_UNWINDING,180,OK,3,1,33.333333333333336,-37.01,-19.656,-9.375,-18.3905,-18.083,-8.549999999999999,-39.6115,-24.258,-24.1175,1,33.333333333333336,-33.558499999999995,-27.86,-5.718,-18.427500000000002,-14.855,0.7844999999999995,-34.0145,-28.617,-23.7945
10m,P6_UNWINDING,300,OK,3,1,33.333333333333336,-42.673,-13.207,-5.1485,-8.8575,0.983,2.4755,-48.3835,-24.258,-24.1175,1,33.333333333333336,-37.706,-24.964,4.236000000000001,-18.427500000000002,-14.855,9.475499999999998,-45.211,-39.412,-29.192
10m,P6_UNWINDING,600,OK,3,1,33.333333333333336,-46.62,-5.419,0.09650000000000025,-5.7945,7.109,13.628,-76.93900000000001,-24.258,-24.1175,1,33.333333333333336,-41.929,-40.491,4.313500000000001,-17.729,-13.458,39.037,-56.25449999999999,-45.65,-32.311
10m,P7_BUILDING,180,OK,3,0,0.0,-24.893,-10.74,-6.9565,-6.905,1.25,28.8155,-40.69499999999999,-40.349,-31.967999999999996,1,33.333333333333336,-32.7,-29.26,-13.735000000000001,-6.872,1.728,3.2805,-68.2445,-40.108,-31.843999999999998
10m,P7_BUILDING,300,OK,2,1,50.0,-26.39325,-17.4375,-8.48175,2.80025,20.6605,38.52075,-37.5975,-33.054,-28.5105,0,0.0,-31.17825,-21.882499999999997,-12.586749999999999,-9.69725,-4.8205,0.05624999999999991,-78.18075,-59.9805,-41.780249999999995
10m,P7_BUILDING,600,OK,2,1,50.0,-11.740250000000003,-0.01750000000000007,11.705250000000001,2.80025,20.6605,38.52075,-81.8665,-72.975,-64.0835,0,0.0,-50.63775,-38.817499999999995,-26.99725,25.914250000000003,34.1955,42.47675,-78.18075,-59.9805,-41.780249999999995
10m,P7_UNWINDING,180,OK,1,0,0.0,-48.7,-48.7,-48.7,-19.96,-19.96,-19.96,-52.174,-52.174,-52.174,1,100.0,10.175,10.175,10.175,13.966,13.966,13.966,-19.998,-19.998,-19.998
10m,P7_UNWINDING,300,OK,1,0,0.0,-64.852,-64.852,-64.852,-19.96,-19.96,-19.96,-75.263,-75.263,-75.263,1,100.0,24.854,24.854,24.854,36.029,36.029,36.029,-19.998,-19.998,-19.998
10m,P7_UNWINDING,600,OK,1,0,0.0,-70.868,-70.868,-70.868,-19.96,-19.96,-19.96,-75.263,-75.263,-75.263,1,100.0,30.87,30.87,30.87,36.029,36.029,36.029,-19.998,-19.998,-19.998
10m,P8_BUILDING,180,OK,10,2,20.0,-27.63925,-17.009,-9.2775,-17.87725,-10.683,4.792000000000001,-34.76175,-26.832,-21.06325,2,20.0,-31.77725,-23.4835,-11.795749999999998,-19.482,-12.518,-6.111,-44.47924999999999,-31.484,-22.4685
10m,P8_BUILDING,300,OK,11,3,27.272727272727273,-26.1045,-19.841,8.0235,-7.4135,6.799,19.9555,-69.7525,-32.454,-24.6555,2,18.181818181818183,-51.378,-20.159,-13.67,-16.855,-6.492,29.798,-62.31999999999999,-46.382,-31.7765
10m,P8_BUILDING,600,OK,11,2,18.181818181818183,-65.713,-32.936,-10.8635,-1.4554999999999998,8.113,34.521,-101.1325,-44.896,-35.197,4,36.36363636363637,-35.1755,-5.675,27.3905,-5.3765,5.754,61.158500000000004,-76.26650000000001,-47.883,-38.546
10m,P8_MISSING,180,OK,1,0,0.0,-55.613,-55.613,-55.613,-7.207,-7.207,-7.207,-91.768,-91.768,-91.768,1,100.0,16.982,16.982,16.982,54.402,54.402,54.402,-31.424,-31.424,-31.424
10m,P8_MISSING,180,QUOTE_GAP,1,0,0.0,-89.55,-89.55,-89.55,-1.349,-1.349,-1.349,-120.131,-120.131,-120.131,1,100.0,51.025,51.025,51.025,81.55,81.55,81.55,-37.232,-37.232,-37.232
10m,P8_MISSING,300,OK,2,0,0.0,-73.05625,-66.8205,-60.58475,-5.7425,-4.278,-2.8135,-113.04025000000001,-105.9495,-98.85874999999999,2,100.0,21.96625,28.2145,34.46275,61.18900000000001,67.976,74.76299999999999,-35.78,-34.328,-32.876
10m,P8_MISSING,600,OK,2,0,0.0,-54.3015,-38.231,-22.1605,0.5097499999999999,1.7395,2.9692499999999997,-122.04175000000001,-111.9505,-101.85925,1,50.0,-15.79325,0.05149999999999899,15.896249999999998,64.40575000000001,74.40950000000001,84.41324999999999,-41.56275,-40.3455,-39.12825
10m,P8_UNWINDING,180,OK,9,2,22.22222222222222,-21.409,-8.462,-0.778,-9.27,-3.53,2.755,-30.476,-24.477,-23.235,1,11.11111111111111,-40.87,-30.193,-18.244,-18.79,-14.987,-6.516,-47.463,-35.125,-30.214
10m,P8_UNWINDING,300,OK,9,3,33.333333333333336,-21.293,-4.992,0.521,1.221,3.362,15.877,-32.235,-29.951,-23.459,0,0.0,-40.462,-33.663,-25.521,-17.18,-13.835,-5.755,-58.478,-44.242,-42.017
10m,P8_UNWINDING,600,OK,8,3,37.5,-25.639499999999998,-9.2485,13.171750000000001,10.23975,17.177500000000002,36.40925,-40.898250000000004,-32.6375,-27.687,0,0.0,-51.047000000000004,-35.381,-15.49575,-14.67125,-10.128,-2.55725,-80.29575,-59.6,-49.8015
5m,P1_BUILDING,180,OK,15,4,26.666666666666668,-36.1325,-17.571,1.8295,-16.952,-2.677,27.8595,-42.4975,-36.288,-23.789,4,26.666666666666668,-40.650000000000006,-23.145,-1.5335,-15.485,-6.564,6.0285,-65.762,-36.185,-23.8185
5m,P1_BUILDING,300,OK,14,6,42.857142857142854,-30.52875,-12.0445,6.40925,-13.01025,7.3004999999999995,21.5745,-44.019749999999995,-38.977,-31.732499999999998,1,7.142857142857143,-45.61775,-27.130000000000003,-7.9719999999999995,-7.846499999999999,-1.037,6.65125,-60.037000000000006,-45.2385,-26.77825
5m,P1_BUILDING,300,QUOTE_GAP,1,0,0.0,-24.227,-24.227,-24.227,30.593,30.593,30.593,-24.227,-24.227,-24.227,0,0.0,-13.784,-13.784,-13.784,-13.784,-13.784,-13.784,-68.448,-68.448,-68.448
5m,P1_BUILDING,600,OK,10,3,30.0,-22.963750000000005,-17.157,1.53075,-13.01025,7.4925,45.438750000000006,-61.01050000000001,-46.339,-39.05625,2,20.0,-40.684749999999994,-21.213,-15.79575,0.9105000000000001,7.6965,23.4815,-84.8835,-45.2065,-26.77825
5m,P1_BUILDING,600,QUOTE_GAP,2,1,50.0,-38.9595,-25.098,-11.2365,-2.5250000000000004,17.465,37.455,-104.37475,-81.8885,-59.402249999999995,1,50.0,-29.1655,-17.011,-4.8565000000000005,19.744500000000002,41.061,62.3775,-78.00225,-60.0205,-42.03874999999999
5m,P1_MISSING,180,OK,1,0,0.0,-87.876,-87.876,-87.876,35.142,35.142,35.142,-89.493,-89.493,-89.493,1,100.0,47.876,47.876,47.876,49.662,49.662,49.662,-73.6,-73.6,-73.6
5m,P1_MISSING,300,OK,1,0,0.0,-183.673,-183.673,-183.673,35.142,35.142,35.142,-191.827,-191.827,-191.827,1,100.0,143.673,143.673,143.673,151.827,151.827,151.827,-73.6,-73.6,-73.6
5m,P1_MISSING,600,OK,1,0,0.0,-41.787,-41.787,-41.787,35.142,35.142,35.142,-194.229,-194.229,-194.229,1,100.0,1.813,1.813,1.813,155.282,155.282,155.282,-73.6,-73.6,-73.6
5m,P1_UNWINDING,180,OK,8,0,0.0,-56.164,-35.299,-24.228749999999998,-18.711750000000002,-17.267500000000002,-1.489,-56.44525,-40.037,-34.39875,3,37.5,-15.53475,-3.7675,16.41075,-4.43975,0.7275,17.07575,-38.125750000000004,-22.1445,-19.965249999999997
5m,P1_UNWINDING,180,QUOTE_GAP,1,1,100.0,2.508,2.508,2.508,29.269,29.269,29.269,-87.706,-87.706,-87.706,0,0.0,-42.508,-42.508,-42.508,47.706,47.706,47.706,-68.282,-68.282,-68.282
5m,P1_UNWINDING,300,OK,7,1,14.285714285714286,-42.79,-27.989,-25.845,-17.694,-15.958,8.7895,-69.2325,-45.066,-38.060500000000005,3,42.857142857142854,-13.8435,-10.407,4.1575,-0.8280000000000001,6.505,29.3,-48.3275,-23.983,-21.113500000000002
5m,P1_UNWINDING,600,OK,8,2,25.0,-99.7225,-54.960499999999996,-11.466750000000001,-16.64525,-8.97,20.417,-116.295,-76.7495,-43.55775,5,62.5,-27.17575,16.7235,61.60075,4.8855,37.8625,76.35024999999999,-59.67275,-30.724000000000004,-22.625
5m,P2_BUILDING,180,OK,3,1,33.333333333333336,-7.5535000000000005,-1.586,1.1,-4.3055,3.786,41.495,-27.878999999999998,-27.612,-22.484499999999997,0,0.0,-38.087999999999994,-35.757,-33.117999999999995,-18.02,-17.343,-12.876999999999999,-78.48349999999999,-40.42,-35.9605
5m,P2_BUILDING,180,QUOTE_GAP,1,0,0.0,-14.394,-14.394,-14.394,-12.832,-12.832,-12.832,-25.883,-25.883,-25.883,0,0.0,-24.03,-24.03,-24.03,-12.93,-12.93,-12.93,-25.592,-25.592,-25.592
5m,P2_BUILDING,300,OK,4,2,50.0,-6.4615,2.652,21.761499999999998,-4.837,19.884999999999998,53.34125,-27.7455,-26.7475,-23.7515,0,0.0,-59.215500000000006,-43.3975,-36.2165,-17.6815,-15.1365,-11.80025,-88.48925,-58.5665,-36.831250000000004
5m,P2_BUILDING,600,OK,4,2,50.0,-5.589,18.5455,74.85300000000001,-2.4122500000000002,21.5015,78.83675,-28.308,-27.878999999999998,-25.04825,0,0.0,-111.8255,-58.97,-37.325,-15.586500000000001,-12.969,-10.3055,-114.19649999999999,-60.428,-39.6235
5m,P2_UNWINDING,180,OK,1,0,0.0,-19.657,-19.657,-19.657,-18.17,-18.17,-18.17,-19.883,-19.883,-19.883,0,0.0,-18.483,-18.483,-18.483,-16.868,-16.868,-16.868,-18.484,-18.484,-18.484
5m,P2_UNWINDING,300,OK,1,0,0.0,-17.77,-17.77,-17.77,-17.754,-17.754,-17.754,-19.883,-19.883,-19.883,0,0.0,-19.247,-19.247,-19.247,-16.868,-16.868,-16.868,-19.773,-19.773,-19.773
5m,P2_UNWINDING,600,OK,1,0,0.0,-20.121,-20.121,-20.121,-15.852,-15.852,-15.852,-61.876,-61.876,-61.876,0,0.0,-18.052,-18.052,-18.052,25.028,25.028,25.028,-19.773,-19.773,-19.773
5m,P3_BUILDING,180,OK,4,0,0.0,-81.95400000000001,-36.569,-15.687249999999999,-9.74575,-4.218,7.184,-109.07874999999999,-59.4975,-25.42025,2,50.0,-22.21875,-1.3795000000000002,42.98075,-12.948500000000001,21.902,71.06525,-46.981750000000005,-35.0975,-28.5445
5m,P3_BUILDING,300,OK,4,0,0.0,-94.93475000000001,-44.00449999999999,-28.200499999999998,-8.36075,-4.218,7.184,-122.99924999999999,-73.506,-48.23975,2,50.0,-10.339,4.9955,56.4565,9.955000000000002,35.604,85.58175,-46.981750000000005,-35.0975,-29.613249999999997
5m,P3_BUILDING,600,OK,4,0,0.0,-132.21125,-45.08,-17.69675,-3.7725,-0.9745,7.56575,-170.027,-92.7025,-75.63274999999999,2,50.0,-21.468,5.7645,93.611,37.82874999999999,54.186499999999995,131.01575000000003,-46.981750000000005,-38.341,-34.877250000000004
5m,P3_MISSING,180,OK,1,0,0.0,-2.474,-2.474,-2.474,2.369,2.369,2.369,-20.243,-20.243,-20.243,0,0.0,-34.69,-34.69,-34.69,-16.89,-16.89,-16.89,-40.491,-40.491,-40.491
5m,P3_MISSING,300,OK,1,0,0.0,-32.091,-32.091,-32.091,2.369,2.369,2.369,-33.014,-33.014,-33.014,0,0.0,-6.505,-6.505,-6.505,-5.582,-5.582,-5.582,-40.491,-40.491,-40.491
5m,P3_MISSING,600,OK,1,0,0.0,-53.682,-53.682,-53.682,2.369,2.369,2.369,-63.592,-63.592,-63.592,1,100.0,16.048,16.048,16.048,25.131,25.131,25.131,-40.491,-40.491,-40.491
5m,P3_UNWINDING,180,OK,2,1,50.0,-3.209,1.303,5.815,3.4975,5.774,8.0505,-24.41575,-24.3545,-24.29325,0,0.0,-53.31375,-48.3005,-43.28725,-23.637,-23.506,-23.375,-55.611,-52.894999999999996,-50.179
5m,P3_UNWINDING,300,OK,2,1,50.0,-9.33575,3.5745000000000005,16.484750000000002,8.625499999999999,16.03,23.4345,-27.93625,-26.7015,-25.466749999999998,0,0.0,-64.00275,-51.1755,-38.34825,-22.121000000000002,-20.474,-18.826999999999998,-70.59825000000001,-62.8865,-55.17475
5m,P3_UNWINDING,600,OK,2,1,50.0,0.66825,4.7204999999999995,8.772749999999998,11.200500000000002,21.18,31.1595,-27.93625,-26.7015,-25.466749999999998,0,0.0,-54.423,-49.449,-44.474999999999994,-22.121000000000002,-20.474,-18.826999999999998,-77.30625,-67.3585,-57.41075000000001
5m,P4_BUILDING,180,OK,5,0,0.0,-51.875,-39.351,-30.866,-21.768,-20.0,-18.247,-62.787,-39.843,-37.391,3,60.0,-9.134,0.195,3.875,-2.404,0.924,14.817,-25.446,-24.117,-20.471
5m,P4_BUILDING,300,OK,5,0,0.0,-55.759,-23.703,-22.058,-21.768,-18.247,-7.294,-62.787,-39.843,-37.391,2,40.0,-17.306,-14.441,9.2,-2.404,0.924,14.817,-32.476,-25.446,-24.117
5m,P4_BUILDING,600,OK,4,1,25.0,-47.69425,-38.765,-24.245,-22.29675,-8.6195,9.75525,-65.00325,-50.089,-36.51875,1,25.0,-14.581,-4.547499999999999,0.26624999999999943,-2.788,6.2065,18.158,-49.20375,-34.6315,-25.113750000000003
5m,P4_MISSING,180,OK,1,1,100.0,83.29,83.29,83.29,112.768,112.768,112.768,-30.556,-30.556,-30.556,0,0.0,-123.29,-123.29,-123.29,-8.391,-8.391,-8.391,-152.481,-152.481,-152.481
5m,P4_MISSING,300,OK,1,1,100.0,120.473,120.473,120.473,140.92,140.92,140.92,-30.556,-30.556,-30.556,0,0.0,-160.388,-160.388,-160.388,-8.391,-8.391,-8.391,-180.92,-180.92,-180.92
5m,P4_MISSING,600,OK,1,1,100.0,130.76,130.76,130.76,171.415,171.415,171.415,-30.556,-30.556,-30.556,0,0.0,-170.006,-170.006,-170.006,-8.391,-8.391,-8.391,-210.923,-210.923,-210.923
5m,P4_UNWINDING,180,OK,11,2,18.181818181818183,-54.578500000000005,-28.912,-8.9325,-17.886499999999998,-10.321,7.3385,-56.8005,-35.818,-27.073999999999998,5,45.45454545454545,-37.418,-17.697,8.4155,-17.918,-2.44,9.436,-47.132,-29.509,-26.633499999999998
5m,P4_UNWINDING,300,OK,10,1,10.0,-35.310249999999996,-23.348,-15.489749999999999,-15.532749999999998,-5.8525,7.7837499999999995,-59.4405,-37.678,-30.01375,2,20.0,-30.505249999999997,-21.7845,-9.318249999999999,-13.277249999999999,-3.0915,14.336750000000002,-47.5785,-37.560500000000005,-29.1925
5m,P4_UNWINDING,300,QUOTE_GAP,1,0,0.0,-47.927,-47.927,-47.927,-24.0,-24.0,-24.0,-66.163,-66.163,-66.163,0,0.0,-0.073,-0.073,-0.073,21.771,21.771,21.771,-24.0,-24.0,-24.0
5m,P4_UNWINDING,600,OK,10,0,0.0,-44.169000000000004,-28.0135,-21.219,-5.86125,9.322,12.742500000000001,-65.541,-42.5045,-39.74425,3,30.0,-21.007999999999996,-13.4145,-1.3715000000000002,-4.7517499999999995,2.1315,24.3165,-56.7405,-50.0265,-34.044000000000004
5m,P4_UNWINDING,600,QUOTE_GAP,1,0,0.0,-64.318,-64.318,-64.318,-23.845,-23.845,-23.845,-82.554,-82.554,-82.554,1,100.0,16.318,16.318,16.318,38.162,38.162,38.162,-24.155,-24.155,-24.155
5m,P5_BUILDING,180,OK,9,2,22.22222222222222,-61.824,-11.093,-0.244,-8.281,2.677,44.524,-69.815,-38.306,-29.98,3,33.333333333333336,-38.313,-27.992,18.59,-7.751,-0.856,23.377,-82.09,-42.383,-28.864
5m,P5_BUILDING,300,OK,8,2,25.0,-54.63975000000001,-17.490000000000002,-0.7349999999999999,-0.0625,33.46,56.40575,-76.23725,-54.161500000000004,-28.5735,3,37.5,-37.738,-21.668,9.92025,-9.32525,12.042499999999999,36.92375,-94.82925,-72.51400000000001,-39.00325
5m,P5_BUILDING,300,QUOTE_GAP,1,0,0.0,-0.239,-0.239,-0.239,1.258,1.258,1.258,-30.109,-30.109,-30.109,0,0.0,-37.46,-37.46,-37.46,-7.552,-7.552,-7.552,-39.744,-39.744,-39.744
5m,P5_BUILDING,600,OK,8,4,50.0,-89.08999999999999,3.2300000000000004,43.9315,-0.0625,29.8615,111.21825,-112.7765,-92.518,-60.868,3,37.5,-83.08,-42.274,44.730999999999995,22.081249999999997,49.766000000000005,74.0305,-149.644,-69.3905,-39.00325
5m,P5_UNWINDING,180,OK,2,0,0.0,-46.6645,-35.641999999999996,-24.6195,-17.012999999999998,-15.534,-14.055,-49.8925,-41.993,-34.0935,1,50.0,-14.162500000000001,-3.0330000000000013,8.096499999999999,-3.5817499999999995,4.517500000000001,12.616750000000001,-24.321749999999998,-22.9525,-21.58325
5m,P5_UNWINDING,180,QUOTE_GAP,1,0,0.0,-18.745,-18.745,-18.745,-17.076,-17.076,-17.076,-18.776,-18.776,-18.776,0,0.0,-17.138,-17.138,-17.138,-17.138,-17.138,-17.138,-18.338,-18.338,-18.338
5m,P5_UNWINDING,300,OK,3,0,0.0,-31.5885,-25.838,-14.4135,-17.784,-17.076,-9.849,-42.987,-26.194,-26.087,0,0.0,-23.565,-10.838,-6.749499999999999,-11.2595,-10.838,5.1895,-28.2775,-20.214,-19.276
5m,P5_UNWINDING,600,OK,3,1,33.333333333333336,-32.2455,-25.088,-10.981,-9.855,-2.622,0.4155,-50.1725,-40.565,-33.2725,1,33.333333333333336,-27.594499999999996,-13.889,-6.925,-4.776999999999999,1.284,11.250499999999999,-39.066,-36.341,-29.6265
5m,P6_BUILDING,180,OK,4,2,50.0,-36.295249999999996,-6.28,32.957499999999996,-16.19775,-1.968,34.32175,-49.445750000000004,-24.9285,-21.773,1,25.0,-72.24675,-32.56,-2.036249999999999,-16.33025,-12.8605,10.97325,-73.531,-36.120000000000005,-21.01075
5m,P6_BUILDING,180,QUOTE_GAP,1,0,0.0,-107.489,-107.489,-107.489,2.287,2.287,2.287,-109.387,-109.387,-109.387,1,100.0,69.469,69.469,69.469,72.929,72.929,72.929,-40.307,-40.307,-40.307
5m,P6_BUILDING,300,OK,5,3,60.0,-70.669,7.346,17.162,2.287,20.026,28.324,-115.304,-27.493,-22.364,2,40.0,-55.248,-46.687,31.1,-15.107,-10.614,75.735,-68.165,-57.692,-40.307
5m,P6_BUILDING,600,OK,5,1,20.0,-115.259,-49.055,-28.166,2.287,26.596,28.324,-133.986,-53.076,-28.167,3,60.0,-8.358,12.271,76.987,-7.909,17.663,95.528,-68.165,-64.725,-40.307
5m,P6_UNWINDING,180,OK,4,1,25.0,-50.14175,-30.619500000000002,-6.752999999999999,-11.752,-7.4425,-1.7202499999999996,-52.7675,-35.3445,-18.470750000000002,2,50.0,-30.408749999999998,-8.4515,8.118500000000001,-17.99325,-4.8255,9.70525,-41.379749999999994,-33.906,-26.7015
5m,P6_UNWINDING,180,QUOTE_GAP,1,0,0.0,-40.107,-40.107,-40.107,-19.587,-19.587,-19.587,-48.807,-48.807,-48.807,1,100.0,0.982,0.982,0.982,11.861,11.861,11.861,-19.727,-19.727,-19.727
5m,P6_UNWINDING,300,OK,4,1,25.0,-66.33975000000001,-59.007000000000005,-37.214999999999996,-19.68025,-14.3015,-4.023750000000001,-72.44225,-69.3255,-54.94625,3,75.0,-7.858500000000001,15.2925,26.42625,10.601999999999999,26.322000000000003,33.347,-41.436499999999995,-29.436999999999998,-19.93025
5m,P6_UNWINDING,300,QUOTE_GAP,1,0,0.0,-16.65,-16.65,-16.65,-5.869,-5.869,-5.869,-18.515,-18.515,-18.515,0,0.0,-19.036,-19.036,-19.036,-17.936,-17.936,-17.936,-28.936,-28.936,-28.936
5m,P6_UNWINDING,600,OK,5,1,20.0,-70.868,-26.714,-23.463,-19.587,-9.016,-5.869,-75.263,-67.149,-24.98,2,40.0,-21.178,-11.536,30.87,-11.536,20.191,36.029,-38.876,-28.936,-19.998
5m,P7_BUILDING,180,OK,3,1,33.333333333333336,-58.61,-10.487,2.208,2.7650000000000006,14.8,18.810000000000002,-69.2745,-26.935,-25.085,1,33.333333333333336,-40.396,-28.341,19.416500000000003,-12.200500000000002,-10.566,30.744500000000002,-57.8175,-54.359,-42.286500000000004
5m,P7_BUILDING,300,OK,4,1,25.0,-113.78725,-52.46,-5.566,8.801000000000002,18.810000000000002,24.262,-135.48025,-71.225,-26.009999999999998,2,50.0,-31.850749999999998,13.908,74.69325,-11.38325,33.388999999999996,97.73499999999999,-62.73725,-57.8175,-48.32275
5m,P7_BUILDING,600,OK,4,2,50.0,-96.80375000000001,-38.1865,15.923250000000001,20.815,26.881999999999998,35.97425,-154.28125,-116.088,-74.5035,2,50.0,-54.2595,0.057500000000000995,58.072,37.365249999999996,78.3865,116.48274999999998,-73.32375,-64.797,-59.54675
5m,P7_UNWINDING,180,OK,3,1,33.333333333333336,-50.9615,-15.467,-7.2805,-5.5695,0.983,20.823999999999998,-58.094,-27.042,-25.65,1,33.333333333333336,-35.3935,-31.53,7.463000000000001,-17.094,-14.855,17.902,-59.286,-39.412,-36.4195
5m,P7_UNWINDING,300,OK,2,0,0.0,-28.182249999999996,-23.1905,-18.19875,-8.84575,-5.5695,-2.29325,-32.1225,-29.500999999999998,-26.8795,0,0.0,-22.17875,-19.3935,-16.608249999999998,-14.034749999999999,-13.214500000000001,-12.39425,-37.915749999999996,-36.4195,-34.92325
5m,P7_UNWINDING,300,QUOTE_GAP,1,0,0.0,-12.235,-12.235,-12.235,40.665,40.665,40.665,-116.138,-116.138,-116.138,0,0.0,-26.917,-26.917,-26.917,76.138,76.138,76.138,-79.16,-79.16,-79.16
5m,P7_UNWINDING,600,OK,3,1,33.333333333333336,-43.1085,-28.659,-11.523499999999999,-2.5065,7.109,24.287000000000003,-89.28450000000001,-62.431,-43.3445,1,33.333333333333336,-30.161499999999997,-16.956,0.3025000000000002,2.643,18.744,47.441,-63.095,-45.65,-39.5385
5m,P8_BUILDING,180,OK,24,4,16.666666666666668,-26.69825,-15.4795,-7.5424999999999995,-15.3915,-10.792,3.0272500000000004,-37.341,-28.244,-22.8165,2,8.333333333333334,-32.66525,-23.762500000000003,-15.4795,-17.97775,-8.9405,-2.659,-39.32375,-30.9265,-24.155749999999998
5m,P8_BUILDING,300,OK,24,3,12.5,-33.80200000000001,-24.3575,-9.55125,-14.878499999999999,-2.42,11.763,-52.187,-32.0,-26.813,4,16.666666666666668,-33.91025,-15.846,-8.97375,-11.268749999999999,-6.2379999999999995,12.939250000000001,-53.327000000000005,-38.099999999999994,-24.6085
5m,P8_BUILDING,600,OK,21,5,23.80952380952381,-37.879,-27.003,-6.109,-9.899,-1.022,24.043,-73.153,-37.704,-31.546,4,19.047619047619047,-40.164,-12.111,-2.121,-8.454,-2.527,35.533,-65.279,-45.587,-29.733
5m,P8_MISSING,180,OK,1,0,0.0,-30.141,-30.141,-30.141,-16.871,-16.871,-16.871,-86.341,-86.341,-86.341,0,0.0,-8.344,-8.344,-8.344,48.721,48.721,48.721,-20.38,-20.38,-20.38
5m,P8_MISSING,180,QUOTE_GAP,1,0,0.0,-89.55,-89.55,-89.55,-1.349,-1.349,-1.349,-120.131,-120.131,-120.131,1,100.0,51.025,51.025,51.025,81.55,81.55,81.55,-37.232,-37.232,-37.232
5m,P8_MISSING,300,OK,2,1,50.0,-49.725500000000004,-20.159000000000002,9.407499999999999,11.486,24.321,37.156000000000006,-111.68350000000001,-103.23599999999999,-94.7885,1,50.0,-46.88975000000001,-17.689500000000002,11.510749999999998,56.92824999999999,65.1355,73.34275,-75.66499999999999,-62.854,-50.043
5m,P8_MISSING,600,OK,2,1,50.0,-3.7535,-1.417,0.9194999999999998,15.748750000000001,27.2985,38.84825000000001,-120.685,-109.237,-97.78899999999999,0,0.0,-39.21525,-36.6895,-34.16375,60.144999999999996,71.569,82.993,-77.35725,-65.8315,-54.30575
5m,P8_UNWINDING,180,OK,20,2,10.0,-47.521,-28.430999999999997,-22.5325,-19.157249999999998,-15.0375,-0.9035000000000002,-58.0955,-38.467,-26.8435,8,40.0,-18.926000000000002,-14.0335,7.30025,-14.15475,-0.4605,18.43425,-38.6325,-28.889499999999998,-21.726
5m,P8_UNWINDING,300,OK,20,6,30.0,-32.64625,-18.723,0.37850000000000006,-16.02525,0.357,20.054750000000002,-75.927,-54.188,-32.53425,4,20.0,-40.36375,-23.192999999999998,-6.021,-7.36975,10.438,36.50675,-59.39875,-41.282,-24.983
5m,P8_UNWINDING,300,QUOTE_GAP,1,0,0.0,-19.556,-19.556,-19.556,-11.79,-11.79,-11.79,-93.596,-93.596,-93.596,0,0.0,-25.282,-25.282,-25.282,51.114,51.114,51.114,-32.338,-32.338,-32.338
5m,P8_UNWINDING,600,OK,21,4,19.047619047619047,-47.067,-21.403,-5.211,-13.898,-0.88,20.147,-93.596,-56.392,-32.634,6,28.571428571428573,-40.491,-18.412,1.18,-6.516,13.584,51.62,-62.161,-45.515,-26.839
5m,P8_UNWINDING,600,QUOTE_GAP,1,0,0.0,-47.166,-47.166,-47.166,26.135,26.135,26.135,-151.069,-151.069,-151.069,1,100.0,8.361,8.361,8.361,111.416,111.416,111.416,-65.773,-65.773,-65.773
