source_dataset,direction_class,hypothesis,state,horizon_sec,n,window_count,mfe_p25_bps,mfe_median_bps,mfe_p75_bps,mfe_p95_bps,mae_p05_bps,mae_p25_bps,mae_median_bps,mae_p75_bps,threshold_p25_bps,threshold_median_bps,threshold_p75_bps,reached_20usd_n,reached_20usd_pct
NEW_05M,ANALYSIS,EFFECTIVE_CONTINUATION,BUY_EFFECTIVE,60,2488,6,0.2481534975,1.37193031,3.4164904425,8.3757371,-7.0859200255,-2.9122289675,-0.976895605,-0.0155750025,3.076783438295569,3.1085344814187352,3.120715111869309,690,27.733118971061092
NEW_05M,ANALYSIS,EFFECTIVE_CONTINUATION,BUY_EFFECTIVE,180,2433,6,0.80204707,2.99319557,6.37401532,14.038703760000018,-12.824594874,-5.55765719,-2.48216235,-0.58086212,3.0765917516575136,3.1082977562752645,3.120747980876056,1191,48.95191122071517
NEW_05M,ANALYSIS,EFFECTIVE_CONTINUATION,BUY_EFFECTIVE,300,2383,6,1.3353747,3.80990421,8.02684884,16.84089431,-17.027798050999998,-7.07308185,-3.40920608,-1.1257211850000002,3.0765491580535818,3.108181822420248,3.120752850425233,1336,56.063785144775494
NEW_05M,ANALYSIS,EFFECTIVE_CONTINUATION,BUY_EFFECTIVE,600,2302,6,2.31005245,5.278801755,10.87786557,27.15975658899999,-25.70514739,-9.94556479,-4.957918705,-1.9134622675,3.0768721901920664,3.108003108003108,3.12069198224584,1543,67.02867072111208
NEW_05M,ANALYSIS,TRAPPED_REVERSAL,BUY_TRAPPED,60,430,5,0.28395790249999997,1.784633245,3.95061552,9.322514185499978,-8.461285585999999,-3.3115786775,-1.648038905,-0.40512496,3.0789480951719983,3.1088703067975834,3.1200031342386123,138,32.093023255813954
NEW_05M,ANALYSIS,TRAPPED_REVERSAL,BUY_TRAPPED,180,414,5,1.14035839,3.064485725,6.79968684,16.57872494049999,-17.557084667,-7.4712472875,-3.655911175,-1.3337607275,3.0781022268530562,3.1086166200567504,3.1195383737229134,206,49.75845410628019
NEW_05M,ANALYSIS,TRAPPED_REVERSAL,BUY_TRAPPED,300,398,5,1.5121579325,3.8514197550000002,8.727012114999999,22.158423540499992,-20.4531206005,-9.2263326,-4.8735097849999995,-2.2352143449999997,3.0776439564368885,3.1086166200567504,3.1200031342386123,231,58.040201005025125
NEW_05M,ANALYSIS,TRAPPED_REVERSAL,BUY_TRAPPED,600,367,5,2.450637565,5.20460105,15.24850187,53.75036025200001,-32.60317259,-11.749882155,-6.72223084,-2.912462225,3.077964849641417,3.1070712280543673,3.1196162249657218,258,70.29972752043597
NEW_05M,ANALYSIS,EFFECTIVE_CONTINUATION,SELL_EFFECTIVE,60,2199,6,0.01566016,1.16972745,2.9142660950000003,7.095883309999999,-5.964453478,-2.631340295,-0.80125983,-0.015587825,3.079450595235733,3.1169057852888282,3.121254494606472,501,22.78308321964529
NEW_05M,ANALYSIS,EFFECTIVE_CONTINUATION,SELL_EFFECTIVE,180,2122,6,0.6578195475,2.50165677,5.26701299,14.59393984749999,-11.375910629499998,-4.7832094099999996,-2.18717192,-0.34384993,3.0804667986034575,3.117019941916226,3.1217173191316006,926,43.63807728557964
NEW_05M,ANALYSIS,EFFECTIVE_CONTINUATION,SELL_EFFECTIVE,300,2067,6,0.95702932,3.27490271,7.13798172,19.488095067999996,-15.0440014,-5.9947750200000005,-3.01584563,-0.813625045,3.080778790291472,3.117124390407362,3.1217904092659285,1074,51.959361393323654
NEW_05M,ANALYSIS,EFFECTIVE_CONTINUATION,SELL_EFFECTIVE,600,1967,6,1.543003965,4.45437045,10.286287315,24.80795315999996,-20.879824134,-9.1364724,-4.67850849,-1.61599158,3.0816640986132513,3.117547113930759,3.122255829930271,1184,60.193187595322826
NEW_05M,ANALYSIS,TRAPPED_REVERSAL,SELL_TRAPPED,60,431,6,0.015602375,0.87492891,2.322413995,5.088584335,-5.06264382,-2.7280379200000002,-0.89097164,-0.01537526,3.080581861354222,3.117756088587922,3.119207534181297,62,14.385150812064966
NEW_05M,ANALYSIS,TRAPPED_REVERSAL,SELL_TRAPPED,180,414,6,0.38995659,1.77327841,3.824364465,12.113891500499982,-8.63123291,-4.965378694999999,-2.29953395,-0.33858729,3.0806577824004693,3.1179164834890734,3.11937415996371,126,30.434782608695652
NEW_05M,ANALYSIS,TRAPPED_REVERSAL,SELL_TRAPPED,300,401,6,0.83040768,2.61302916,4.5292543,14.97724581,-10.19449497,-5.6284798,-3.11507836,-0.78359069,3.080425283514642,3.1179407871865106,3.119404568056049,170,42.394014962593516
NEW_05M,ANALYSIS,TRAPPED_REVERSAL,SELL_TRAPPED,600,370,6,1.71866392,3.80468194,7.824401875,20.728908541,-12.712806453999999,-6.592929507499999,-3.866068785,-1.5574219975,3.1061218298801547,3.1181036317351474,3.1196150086320245,217,58.648648648648646
NEW_05M,ENTRY_PROBE,STALLED_PRESSURE_PROBE,BUY_STALLED,60,2906,5,0.01535014,0.6552136900000001,2.1247504824999996,6.1660310350000005,-7.069887725,-2.2851396674999997,-0.41490705,-0.015576092500000001,3.085522190056218,3.1168620679444765,3.1229444681932623,462,15.898141775636613
NEW_05M,ENTRY_PROBE,STALLED_PRESSURE_PROBE,BUY_STALLED,180,2873,5,0.35746202,1.85068375,4.33697348,11.746380606000013,-11.747994347999999,-4.35643928,-1.78137525,-0.03118461,3.0855578920085596,3.116866925366622,3.1229018003528877,1024,35.64218586843021
NEW_05M,ENTRY_PROBE,STALLED_PRESSURE_PROBE,BUY_STALLED,300,2823,5,0.76586637,2.71623202,5.67397289,14.139762343000005,-15.09300299,-5.32850671,-2.64875898,-0.45212044,3.0854864886840403,3.1169397885156354,3.122967631223148,1288,45.62522139567836
NEW_05M,ENTRY_PROBE,STALLED_PRESSURE_PROBE,BUY_STALLED,600,2720,5,1.55686459,4.13361723,8.08825707,19.956959584999993,-24.751995472,-6.89962371,-3.6687282750000003,-1.3278030950000002,3.0855721730979466,3.117049089674171,3.1229018003528877,1625,59.74264705882353
NEW_05M,ENTRY_PROBE,STALLED_REVERSAL_PROBE,BUY_STALLED,60,2906,5,0.015576092500000001,0.41490705,2.2851396674999997,7.069887725,-6.1660310350000005,-2.1247504824999996,-0.6552136900000001,-0.01535014,3.085522190056218,3.1168620679444765,3.1229444681932623,552,18.99518238128011
NEW_05M,ENTRY_PROBE,STALLED_REVERSAL_PROBE,BUY_STALLED,180,2873,5,0.03118461,1.78137525,4.35643928,11.747994348000002,-11.746380606,-4.33697348,-1.85068375,-0.35746202,3.0855578920085596,3.116866925366622,3.1229018003528877,1003,34.9112426035503
NEW_05M,ENTRY_PROBE,STALLED_REVERSAL_PROBE,BUY_STALLED,300,2823,5,0.45212044,2.64875898,5.32850671,15.093002989999999,-14.139762343000001,-5.67397289,-2.71623202,-0.76586637,3.0854864886840403,3.1169397885156354,3.122967631223148,1218,43.145589798087144
NEW_05M,ENTRY_PROBE,STALLED_REVERSAL_PROBE,BUY_STALLED,600,2720,5,1.3278030950000002,3.6687282750000003,6.89962371,24.75199547199999,-19.956959585,-8.08825707,-4.13361723,-1.55686459,3.0855721730979466,3.117049089674171,3.1229018003528877,1515,55.6985294117647
NEW_05M,ENTRY_PROBE,STALLED_PRESSURE_PROBE,SELL_STALLED,60,3117,6,-0.0,0.37287693,1.77706003,4.590862073999992,-4.367005104,-1.60503639,-0.26504563,-0.01558822,3.107220870581144,3.1186019930985336,3.1227311406556173,372,11.934552454282965
NEW_05M,ENTRY_PROBE,STALLED_PRESSURE_PROBE,SELL_STALLED,180,3050,6,0.015620970000000001,1.3529941,3.6596071974999997,8.349142467999998,-7.860032739999999,-3.3619419975,-1.4133273700000002,-0.01562585,3.107423635064168,3.1186408962973937,3.1228189061702216,911,29.868852459016395
NEW_05M,ENTRY_PROBE,STALLED_PRESSURE_PROBE,SELL_STALLED,300,3002,6,0.33095999249999997,2.04698694,4.5605339775000004,10.612741319999998,-10.647408377,-4.372582575,-2.23586674,-0.50199327,3.1073753554060564,3.118684663556299,3.1228189061702216,1162,38.70752831445703
NEW_05M,ENTRY_PROBE,STALLED_PRESSURE_PROBE,SELL_STALLED,600,2852,6,0.85990572,3.06720029,6.102338509999999,15.82242110999999,-16.8701151545,-6.60166331,-3.712662065,-1.2904432125,3.107515370547902,3.118738158541054,3.1230200540843276,1419,49.754558204768585
NEW_05M,ENTRY_PROBE,STALLED_REVERSAL_PROBE,SELL_STALLED,60,3117,6,0.01558822,0.26504563,1.60503639,4.367005104,-4.590862074,-1.77706003,-0.37287693,0.0,3.107220870581144,3.1186019930985336,3.1227311406556173,317,10.170035290343279
NEW_05M,ENTRY_PROBE,STALLED_REVERSAL_PROBE,SELL_STALLED,180,3050,6,0.01562585,1.4133273700000002,3.3619419975,7.860032740000001,-8.349142468,-3.6596071974999997,-1.3529941,-0.015620970000000001,3.107423635064168,3.1186408962973937,3.1228189061702216,840,27.540983606557376
NEW_05M,ENTRY_PROBE,STALLED_REVERSAL_PROBE,SELL_STALLED,300,3002,6,0.50199327,2.23586674,4.372582575,10.647408377,-10.61274132,-4.5605339775000004,-2.04698694,-0.33095999249999997,3.1073753554060564,3.118684663556299,3.1228189061702216,1217,40.539640239840104
NEW_05M,ENTRY_PROBE,STALLED_REVERSAL_PROBE,SELL_STALLED,600,2852,6,1.2904432125,3.712662065,6.60166331,16.87011515449998,-15.82242111,-6.102338509999999,-3.06720029,-0.85990572,3.107515370547902,3.118738158541054,3.1230200540843276,1647,57.74894810659187
OLD_1M,ANALYSIS,EFFECTIVE_CONTINUATION,BUY_EFFECTIVE,60,3302,6,0.2569383225,1.712526505,3.93291443,8.692488033999988,-8.08946134,-3.6333479599999996,-1.627866005,-0.01521188,3.0136866579571127,3.0273582364446128,3.036073870718596,1134,34.34282253179891
OLD_1M,ANALYSIS,EFFECTIVE_CONTINUATION,BUY_EFFECTIVE,180,3272,6,1.06237669,3.32237794,6.907697557500001,15.163104634999996,-14.3684466025,-7.40600507,-3.71163757,-1.1129231275,3.013603784183555,3.0271749495218576,3.0360208696074578,1738,53.117359413202934
OLD_1M,ANALYSIS,EFFECTIVE_CONTINUATION,BUY_EFFECTIVE,300,3247,6,1.560477225,4.37360952,8.76871275,20.189871712999977,-17.942736855,-9.659567805,-5.10600577,-2.0027603650000003,3.0135844854797464,3.0269229663239687,3.035981696110078,1953,60.147828765013855
OLD_1M,ANALYSIS,EFFECTIVE_CONTINUATION,BUY_EFFECTIVE,600,3165,6,2.50347072,6.96939801,12.68414057,26.90926825599998,-24.9345761,-13.58652579,-7.53579503,-3.00261592,3.0135050227594973,3.0265107206576003,3.0359701746290044,2256,71.27962085308057
OLD_1M,ANALYSIS,TRAPPED_REVERSAL,BUY_TRAPPED,60,671,5,0.01521805,1.47469753,3.4577689649999996,7.940710665,-7.05637407,-3.47491447,-1.69867867,-0.015412655,3.014906451305378,3.0325130890846212,3.0414943470183955,193,28.763040238450074
OLD_1M,ANALYSIS,TRAPPED_REVERSAL,BUY_TRAPPED,180,652,5,0.9847648925,3.261326935,7.0707616125,12.599207669999998,-14.973193059499998,-6.661609425000001,-3.66852376,-1.4856109924999998,3.0146053875048957,3.0318671985449024,3.0413174378890626,344,52.760736196319016
OLD_1M,ANALYSIS,TRAPPED_REVERSAL,BUY_TRAPPED,300,636,5,1.58704019,4.4926068,9.160083145000002,15.557291602500001,-16.1269416875,-8.28660474,-4.464583494999999,-1.84338537,3.0146053875048957,3.031832727724746,3.0412411305699676,384,60.37735849056604
OLD_1M,ANALYSIS,TRAPPED_REVERSAL,BUY_TRAPPED,600,608,5,2.66495226,7.08585924,12.4112854,20.062718083999997,-24.741315475,-12.31023598,-7.2344363099999995,-3.1731035275,3.014171505177477,3.0315064512067376,3.041161358704934,440,72.36842105263158
OLD_1M,ANALYSIS,EFFECTIVE_CONTINUATION,SELL_EFFECTIVE,60,2880,6,0.5058642375,2.0178833149999997,4.286513845,9.39095469099999,-8.2884145805,-3.8211846725000003,-1.62220795,-0.03043763,3.0125325118169988,3.023184804291531,3.0341600913889013,1081,37.53472222222222
OLD_1M,ANALYSIS,EFFECTIVE_CONTINUATION,SELL_EFFECTIVE,180,2844,6,1.5120289425000002,3.8728667,7.53796594,15.3286646,-14.172878152,-7.3024261475,-3.783984085,-1.2751960675,3.012361224365854,3.023086556301676,3.0341508852893746,1654,58.157524613220815
OLD_1M,ANALYSIS,EFFECTIVE_CONTINUATION,SELL_EFFECTIVE,300,2807,6,2.2303632899999997,5.27009623,10.47212665,18.64987622,-19.967679520999997,-9.5466336,-5.04780345,-2.01222653,3.012188822314474,3.023024868914084,3.0340174031238245,1925,68.5785536159601
OLD_1M,ANALYSIS,EFFECTIVE_CONTINUATION,SELL_EFFECTIVE,600,2756,6,3.512687115,8.038786389999999,14.7584098875,26.57464106,-28.77694724,-13.352260385000001,-7.473207635,-3.1524753700000003,3.0119279878188623,3.0228969328176274,3.0338482659040165,2154,78.1567489114659
OLD_1M,ANALYSIS,TRAPPED_REVERSAL,SELL_TRAPPED,60,436,4,0.1364685875,2.1237519000000002,5.50637339,9.831850495,-7.8564813749999995,-3.9280892300000003,-1.770511865,-0.0151893775,3.004333751436447,3.018098025493038,3.032369406567528,177,40.596330275229356
OLD_1M,ANALYSIS,TRAPPED_REVERSAL,SELL_TRAPPED,180,432,4,1.8602968,5.200639455,8.7802664575,15.5270608,-13.124395767,-7.2741525875,-4.201271535,-1.3558260249999998,3.0042773430401257,3.0179682283411946,3.0322130957923674,271,62.73148148148148
OLD_1M,ANALYSIS,TRAPPED_REVERSAL,SELL_TRAPPED,300,417,4,2.51749053,5.87797506,10.66018047,21.531054114,-19.899908884000002,-9.5220911,-5.19265964,-2.51669761,3.0038374022814147,3.0171874080700714,3.0317270232988225,293,70.26378896882494
OLD_1M,ANALYSIS,TRAPPED_REVERSAL,SELL_TRAPPED,600,413,4,3.44109885,8.23625953,15.46194237,32.68745230999998,-28.203297528,-14.0076419,-7.39437096,-3.95613821,3.003702062792392,3.0161454264678826,3.03163051699911,317,76.75544794188862
OLD_1M,ENTRY_PROBE,STALLED_PRESSURE_PROBE,BUY_STALLED,60,2705,6,0.01517121,1.35031935,3.2416433,7.09771438,-7.705041893999999,-3.21753252,-1.44799656,-0.01520711,3.0153996459920815,3.0305463923618112,3.038119282639275,726,26.839186691312385
OLD_1M,ENTRY_PROBE,STALLED_PRESSURE_PROBE,BUY_STALLED,180,2672,6,0.96407611,3.16180777,6.12194726,14.068760253499985,-13.325986988,-6.57227318,-3.114605245,-1.0111667825,3.015350773882497,3.03049817602065,3.0377351254569964,1367,51.16017964071856
OLD_1M,ENTRY_PROBE,STALLED_PRESSURE_PROBE,BUY_STALLED,300,2641,6,1.48983718,4.13109126,7.74190408,17.07984263,-16.60594943,-8.90409816,-4.14358981,-1.66754339,3.0153405450228035,3.030495880040851,3.037745506794677,1574,59.59863687996971
OLD_1M,ENTRY_PROBE,STALLED_PRESSURE_PROBE,BUY_STALLED,600,2558,6,2.4271433025,6.355339125,12.048651020000001,25.455584142000014,-22.3839677685,-12.3333404225,-6.50151126,-2.4909370324999998,3.015226895823911,3.030495880040851,3.0373845082328272,1788,69.89835809225958
OLD_1M,ENTRY_PROBE,STALLED_REVERSAL_PROBE,BUY_STALLED,60,2705,6,0.01520711,1.44799656,3.21753252,7.705041893999979,-7.09771438,-3.2416433,-1.35031935,-0.01517121,3.0153996459920815,3.0305463923618112,3.038119282639275,722,26.691312384473196
OLD_1M,ENTRY_PROBE,STALLED_REVERSAL_PROBE,BUY_STALLED,180,2672,6,1.0111667825,3.114605245,6.57227318,13.325986987999999,-14.068760253499999,-6.12194726,-3.16180777,-0.96407611,3.015350773882497,3.03049817602065,3.0377351254569964,1360,50.89820359281437
OLD_1M,ENTRY_PROBE,STALLED_REVERSAL_PROBE,BUY_STALLED,300,2641,6,1.66754339,4.14358981,8.90409816,16.60594943,-17.07984263,-7.74190408,-4.13109126,-1.48983718,3.0153405450228035,3.030495880040851,3.037745506794677,1585,60.01514577811435
OLD_1M,ENTRY_PROBE,STALLED_REVERSAL_PROBE,BUY_STALLED,600,2558,6,2.4909370324999998,6.50151126,12.3333404225,22.3839677685,-25.455584141999996,-12.048651020000001,-6.355339125,-2.4271433025,3.015226895823911,3.030495880040851,3.0373845082328272,1804,70.52384675527756
OLD_1M,ENTRY_PROBE,STALLED_PRESSURE_PROBE,SELL_STALLED,60,1867,4,0.015418129999999999,1.6845134,3.67650873,8.583890668999983,-7.816114187,-3.485003625,-1.49411184,-0.015173795,3.0123839102618923,3.0218373073012126,3.032660234422201,603,32.297803963577934
OLD_1M,ENTRY_PROBE,STALLED_PRESSURE_PROBE,SELL_STALLED,180,1838,4,1.400869445,3.706415225,6.6818933125,15.742252579999995,-14.434662246,-6.91719922,-3.3374547550000004,-0.901183135,3.012306779347022,3.0215268682343606,3.032849935436382,1059,57.61697497279652
OLD_1M,ENTRY_PROBE,STALLED_PRESSURE_PROBE,SELL_STALLED,300,1789,4,2.18861616,4.80521449,9.63758478,20.727437123999998,-19.431143,-8.90699327,-4.63220308,-1.54148639,3.011993759148931,3.0211525999283992,3.032278605758297,1191,66.57350475125769
OLD_1M,ENTRY_PROBE,STALLED_PRESSURE_PROBE,SELL_STALLED,600,1746,4,3.58683301,7.327746545,15.397683967499999,26.984308409999997,-28.95127343,-12.730887890000002,-6.754234224999999,-2.2285721800000005,3.0116660654231326,3.0207373625482283,3.0321326467186562,1381,79.0950744558992
OLD_1M,ENTRY_PROBE,STALLED_REVERSAL_PROBE,SELL_STALLED,60,1867,4,0.015173795,1.49411184,3.485003625,7.816114186999994,-8.583890668999999,-3.67650873,-1.6845134,-0.015418129999999999,3.0123839102618923,3.0218373073012126,3.032660234422201,547,29.298339582217462
OLD_1M,ENTRY_PROBE,STALLED_REVERSAL_PROBE,SELL_STALLED,180,1838,4,0.901183135,3.3374547550000004,6.91719922,14.434662245999997,-15.74225258,-6.6818933125,-3.706415225,-1.400869445,3.012306779347022,3.0215268682343606,3.032849935436382,973,52.9379760609358
OLD_1M,ENTRY_PROBE,STALLED_REVERSAL_PROBE,SELL_STALLED,300,1789,4,1.54148639,4.63220308,8.90699327,19.431143,-20.727437123999998,-9.63758478,-4.80521449,-2.18861616,3.011993759148931,3.0211525999283992,3.032278605758297,1118,62.49301285634433
OLD_1M,ENTRY_PROBE,STALLED_REVERSAL_PROBE,SELL_STALLED,600,1746,4,2.2285721800000005,6.754234224999999,12.730887890000002,28.95127343,-26.984308409999997,-15.397683967499999,-7.327746545,-3.58683301,3.0116660654231326,3.0207373625482283,3.0321326467186562,1252,71.70675830469645
