state,hypothesis,window_sec,horizon_sec,new_n,new_match_pct,new_signed_median_bps,old_n,old_match_pct,old_signed_median_bps,match_diff_pp,same_median_sign,same_accuracy_side,comparison_eligible
BUY_EFFECTIVE,EFFECTIVE_CONTINUATION,30,60,936,54.166666666666664,0.30845356,1327,49.510173323285606,0.0,4.656493343381058,False,False,True
BUY_EFFECTIVE,EFFECTIVE_CONTINUATION,30,180,910,51.20879120879121,0.07810781,1315,46.61596958174905,-0.54700024,4.592821627042163,False,False,True
BUY_EFFECTIVE,EFFECTIVE_CONTINUATION,30,300,889,50.168728908886386,0.03076294,1300,46.07692307692308,-0.6896119599999999,4.091805831963306,False,False,True
BUY_EFFECTIVE,EFFECTIVE_CONTINUATION,30,600,854,51.87353629976581,0.42998303,1268,47.3186119873817,-0.83696556,4.554924312384109,False,False,True
BUY_EFFECTIVE,EFFECTIVE_CONTINUATION,60,60,756,54.4973544973545,0.30160643,1026,48.44054580896686,-0.02277285,6.05680868838764,False,False,True
BUY_EFFECTIVE,EFFECTIVE_CONTINUATION,60,180,739,50.60893098782138,0.07707034,1015,46.79802955665025,-0.49718937,3.810901431171132,False,False,True
BUY_EFFECTIVE,EFFECTIVE_CONTINUATION,60,300,724,50.27624309392265,0.09277644,1008,47.32142857142857,-0.31556137500000003,2.9548145224940825,False,False,True
BUY_EFFECTIVE,EFFECTIVE_CONTINUATION,60,600,699,49.78540772532189,-0.01567401,986,47.97160243407708,-0.49958287999999995,1.8138052912448117,True,True,True
BUY_EFFECTIVE,EFFECTIVE_CONTINUATION,180,60,390,53.58974358974359,0.20219957,515,45.63106796116505,-0.22588831,7.95867562857854,False,False,True
BUY_EFFECTIVE,EFFECTIVE_CONTINUATION,180,180,384,52.604166666666664,0.38801612,510,47.05882352941177,-0.5899482549999999,5.545343137254896,False,False,True
BUY_EFFECTIVE,EFFECTIVE_CONTINUATION,180,300,376,48.40425531914894,-0.17163593,508,47.24409448818898,-0.55800247,1.1601608309599598,True,True,True
BUY_EFFECTIVE,EFFECTIVE_CONTINUATION,180,600,366,51.91256830601093,0.233947335,498,52.00803212851405,0.31730396,-0.09546382250312035,True,True,True
BUY_EFFECTIVE,EFFECTIVE_CONTINUATION,300,60,285,45.96491228070175,-0.01558846,322,48.75776397515528,-0.06062633,-2.7928516944535247,True,True,True
BUY_EFFECTIVE,EFFECTIVE_CONTINUATION,300,180,283,51.236749116607776,0.1717293,320,52.1875,0.26398516,-0.9507508833922245,True,True,True
BUY_EFFECTIVE,EFFECTIVE_CONTINUATION,300,300,277,48.73646209386282,0.0,319,54.54545454545455,0.85152194,-5.8089924515917275,False,False,True
BUY_EFFECTIVE,EFFECTIVE_CONTINUATION,300,600,272,49.26470588235294,-0.25777443,303,51.48514851485149,0.64836371,-2.2204426324985462,False,False,True
BUY_EFFECTIVE,EFFECTIVE_CONTINUATION,900,60,88,36.36363636363637,-0.015627075,67,40.298507462686565,-0.34917261,-3.9348710990501985,True,True,True
BUY_EFFECTIVE,EFFECTIVE_CONTINUATION,900,180,85,44.705882352941174,-0.32812397,67,44.776119402985074,-0.30129512,-0.07023705004390024,True,True,True
BUY_EFFECTIVE,EFFECTIVE_CONTINUATION,900,300,85,62.35294117647059,0.71696878,67,47.76119402985075,-0.66292016,14.591747146619838,False,False,True
BUY_EFFECTIVE,EFFECTIVE_CONTINUATION,900,600,81,50.617283950617285,0.03115624,65,53.84615384615385,1.19485878,-3.228869895536562,True,True,True
BUY_EFFECTIVE,EFFECTIVE_CONTINUATION,1800,60,33,39.39393939393939,0.0,45,37.77777777777778,-0.0301033,1.6161616161616124,False,True,True
BUY_EFFECTIVE,EFFECTIVE_CONTINUATION,1800,180,32,37.5,-0.758566335,45,60.0,1.74729583,-22.5,False,False,True
BUY_EFFECTIVE,EFFECTIVE_CONTINUATION,1800,300,32,46.875,-0.34351015,45,62.22222222222222,3.26864824,-15.347222222222221,False,False,True
BUY_EFFECTIVE,EFFECTIVE_CONTINUATION,1800,600,30,53.333333333333336,0.522602565,45,55.55555555555556,0.57580643,-2.2222222222222214,True,True,True
BUY_TRAPPED,TRAPPED_REVERSAL,30,60,187,47.05882352941177,-0.43044607,282,53.90070921985816,0.219731405,-6.841885690446389,False,False,True
BUY_TRAPPED,TRAPPED_REVERSAL,30,180,181,38.12154696132597,-1.43758115,272,50.73529411764706,0.10501927999999999,-12.61374715632109,False,False,True
BUY_TRAPPED,TRAPPED_REVERSAL,30,300,176,40.34090909090909,-1.7588796,270,50.74074074074074,0.13552502,-10.399831649831647,False,False,True
BUY_TRAPPED,TRAPPED_REVERSAL,30,600,160,51.25,0.257043285,257,51.750972762645915,0.40998916,-0.5009727626459153,True,True,True
BUY_TRAPPED,TRAPPED_REVERSAL,60,60,124,51.61290322580645,0.15503674,240,45.0,-0.206960695,6.612903225806448,False,False,True
BUY_TRAPPED,TRAPPED_REVERSAL,60,180,121,51.239669421487605,0.80303423,233,49.78540772532189,-0.01505834,1.454261696165716,False,False,True
BUY_TRAPPED,TRAPPED_REVERSAL,60,300,115,53.04347826086956,0.63926457,228,46.92982456140351,-0.59408128,6.113653699466056,False,False,True
BUY_TRAPPED,TRAPPED_REVERSAL,60,600,106,54.716981132075475,0.5313571,219,49.31506849315068,-0.10640238,5.401912638924792,False,False,True
BUY_TRAPPED,TRAPPED_REVERSAL,180,60,63,44.44444444444444,-0.19988653,93,46.236559139784944,-0.48520872,-1.7921146953405014,True,True,True
BUY_TRAPPED,TRAPPED_REVERSAL,180,180,59,49.152542372881356,-0.03112748,91,47.252747252747255,-0.42155025,1.899795120134101,True,True,True
BUY_TRAPPED,TRAPPED_REVERSAL,180,300,57,50.87719298245614,0.26110503,88,42.04545454545455,-1.0801278399999998,8.83173843700159,False,False,True
BUY_TRAPPED,TRAPPED_REVERSAL,180,600,54,50.0,0.358470155,84,41.666666666666664,-1.768593315,8.333333333333336,False,False,True
BUY_TRAPPED,TRAPPED_REVERSAL,300,60,53,56.60377358490566,0.85779344,54,35.18518518518518,-0.84839893,21.418588399720477,False,False,True
BUY_TRAPPED,TRAPPED_REVERSAL,300,180,50,56.0,0.70011819,54,42.592592592592595,-1.348248065,13.407407407407405,False,False,True
BUY_TRAPPED,TRAPPED_REVERSAL,300,300,47,57.4468085106383,1.90520214,49,36.734693877551024,-1.17455021,20.712114633087275,False,False,True
BUY_TRAPPED,TRAPPED_REVERSAL,300,600,44,40.90909090909091,-1.5354227200000001,47,38.297872340425535,-1.72908302,2.6112185686653717,True,True,True
BUY_TRAPPED,TRAPPED_REVERSAL,900,60,3,0.0,-1.9151082,2,100.0,2.0600659049999996,-100.0,False,False,False
BUY_TRAPPED,TRAPPED_REVERSAL,900,180,3,0.0,-5.54454712,2,100.0,0.544180365,-100.0,False,False,False
BUY_TRAPPED,TRAPPED_REVERSAL,900,300,3,0.0,-15.50401962,1,100.0,1.52108205,-100.0,False,False,False
BUY_TRAPPED,TRAPPED_REVERSAL,900,600,3,0.0,-29.1436223,1,100.0,3.96083741,-100.0,False,False,False
SELL_EFFECTIVE,EFFECTIVE_CONTINUATION,30,60,806,54.71464019851117,0.232274945,1284,49.454828660436135,-0.015058325000000001,5.259811538075034,False,False,True
SELL_EFFECTIVE,EFFECTIVE_CONTINUATION,30,180,776,55.79896907216495,0.563716375,1267,50.90765588003157,0.12142793,4.8913131921333814,True,True,True
SELL_EFFECTIVE,EFFECTIVE_CONTINUATION,30,300,749,55.14018691588785,0.93626923,1248,51.6025641025641,0.33825801499999997,3.5376228133237504,True,True,True
SELL_EFFECTIVE,EFFECTIVE_CONTINUATION,30,600,714,52.52100840336134,0.5292357000000001,1222,50.08183306055646,0.01506678,2.43917534280488,True,True,True
SELL_EFFECTIVE,EFFECTIVE_CONTINUATION,60,60,624,51.92307692307692,0.02314104,940,49.148936170212764,-0.015070725,2.774140752864156,False,False,True
SELL_EFFECTIVE,EFFECTIVE_CONTINUATION,60,180,601,51.41430948419301,0.12334829,928,46.44396551724138,-0.54374877,4.970343966951631,False,False,True
SELL_EFFECTIVE,EFFECTIVE_CONTINUATION,60,300,588,51.36054421768708,0.23214591,920,49.02173913043478,-0.21195349000000002,2.3388050872522967,False,False,True
SELL_EFFECTIVE,EFFECTIVE_CONTINUATION,60,600,568,48.767605633802816,-0.3225776,906,50.0,0.037864725,-1.232394366197184,False,False,True
SELL_EFFECTIVE,EFFECTIVE_CONTINUATION,180,60,357,49.57983193277311,-0.0,384,51.302083333333336,0.25877680000000003,-1.722251400560225,False,False,True
SELL_EFFECTIVE,EFFECTIVE_CONTINUATION,180,180,345,47.82608695652174,-0.01561941,378,52.116402116402114,0.278363,-4.290315159880372,False,False,True
SELL_EFFECTIVE,EFFECTIVE_CONTINUATION,180,300,334,47.90419161676647,-0.07675370000000001,372,50.26881720430107,0.11277841499999999,-2.3646255875346043,False,False,True
SELL_EFFECTIVE,EFFECTIVE_CONTINUATION,180,600,309,45.954692556634306,-0.52822755,364,46.97802197802198,-0.590255035,-1.0233294213876718,True,True,True
SELL_EFFECTIVE,EFFECTIVE_CONTINUATION,300,60,269,51.6728624535316,0.01562649,231,54.97835497835498,0.72946,-3.3054925248233786,True,True,True
SELL_EFFECTIVE,EFFECTIVE_CONTINUATION,300,180,261,43.29501915708812,-0.52818898,230,46.08695652173913,-0.736715275,-2.7919373646510124,True,True,True
SELL_EFFECTIVE,EFFECTIVE_CONTINUATION,300,300,258,50.3875968992248,0.046769635000000004,226,49.557522123893804,-0.015090175,0.8300747753309992,False,False,True
SELL_EFFECTIVE,EFFECTIVE_CONTINUATION,300,600,240,43.333333333333336,-0.9886744599999999,224,51.339285714285715,0.348736375,-8.00595238095238,False,False,True
SELL_EFFECTIVE,EFFECTIVE_CONTINUATION,900,60,109,49.54128440366973,-0.0,33,57.57575757575758,1.07021355,-8.03447317208785,False,False,True
SELL_EFFECTIVE,EFFECTIVE_CONTINUATION,900,180,105,45.714285714285715,-0.04686387,33,45.45454545454545,-0.72360318,0.25974025974026205,True,True,True
SELL_EFFECTIVE,EFFECTIVE_CONTINUATION,900,300,104,37.5,-1.11623237,33,48.484848484848484,-1.52268958,-10.984848484848484,True,True,True
SELL_EFFECTIVE,EFFECTIVE_CONTINUATION,900,600,102,53.92156862745098,0.093657675,32,34.375,-4.367357315,19.54656862745098,False,False,True
SELL_EFFECTIVE,EFFECTIVE_CONTINUATION,1800,60,34,47.05882352941177,-0.0,8,62.5,1.971386135,-15.441176470588232,False,False,False
SELL_EFFECTIVE,EFFECTIVE_CONTINUATION,1800,180,34,50.0,0.140161885,8,87.5,4.396171170000001,-37.5,True,True,False
SELL_EFFECTIVE,EFFECTIVE_CONTINUATION,1800,300,34,47.05882352941177,-0.26543632500000003,8,62.5,0.35548473999999997,-15.441176470588232,False,False,False
SELL_EFFECTIVE,EFFECTIVE_CONTINUATION,1800,600,34,44.11764705882353,-0.445089405,8,62.5,1.94856464,-18.38235294117647,False,False,False
SELL_TRAPPED,TRAPPED_REVERSAL,30,60,117,56.41025641025641,0.48220508,225,56.0,0.69813537,0.4102564102564088,True,True,True
SELL_TRAPPED,TRAPPED_REVERSAL,30,180,110,48.18181818181818,-0.15454469,225,48.44444444444444,-0.11987713,-0.262626262626263,True,True,True
SELL_TRAPPED,TRAPPED_REVERSAL,30,300,103,49.51456310679612,0.0,224,53.125,0.83984608,-3.6104368932038824,False,False,True
SELL_TRAPPED,TRAPPED_REVERSAL,30,600,92,60.869565217391305,1.761320485,223,53.36322869955157,1.41021506,7.506336517839735,True,True,True
SELL_TRAPPED,TRAPPED_REVERSAL,60,60,123,53.65853658536585,0.07692343,145,55.86206896551724,0.5310046,-2.203532380151387,True,True,True
SELL_TRAPPED,TRAPPED_REVERSAL,60,180,114,42.98245614035088,-0.72590368,144,59.02777777777778,1.3131082950000001,-16.045321637426902,False,False,True
SELL_TRAPPED,TRAPPED_REVERSAL,60,300,113,44.24778761061947,-0.95105052,139,53.9568345323741,1.15222918,-9.709046921754634,False,False,True
SELL_TRAPPED,TRAPPED_REVERSAL,60,600,102,56.86274509803921,0.56229518,136,54.411764705882355,0.945949995,2.4509803921568576,True,True,True
SELL_TRAPPED,TRAPPED_REVERSAL,180,60,91,41.75824175824176,0.0,47,42.5531914893617,-0.55490567,-0.7949497311199423,False,True,True
SELL_TRAPPED,TRAPPED_REVERSAL,180,180,91,40.65934065934066,-1.93761793,45,55.55555555555556,1.36003022,-14.8962148962149,False,False,True
SELL_TRAPPED,TRAPPED_REVERSAL,180,300,89,47.19101123595506,-0.01559778,39,46.15384615384615,-0.59123606,1.0371650821089062,True,True,True
SELL_TRAPPED,TRAPPED_REVERSAL,180,600,81,44.44444444444444,-0.34391282,39,48.717948717948715,-1.60591457,-4.2735042735042725,True,True,True
SELL_TRAPPED,TRAPPED_REVERSAL,300,60,49,59.183673469387756,0.3431618,19,57.89473684210526,1.08073706,1.2889366272824958,True,True,False
SELL_TRAPPED,TRAPPED_REVERSAL,300,180,48,47.916666666666664,-0.00779252,18,44.44444444444444,-1.932165625,3.4722222222222214,True,True,False
SELL_TRAPPED,TRAPPED_REVERSAL,300,300,45,64.44444444444444,0.82573167,15,40.0,-1.35092133,24.444444444444443,False,False,False
SELL_TRAPPED,TRAPPED_REVERSAL,300,600,44,40.90909090909091,-1.030663005,15,60.0,7.25820811,-19.090909090909093,False,False,False
SELL_TRAPPED,TRAPPED_REVERSAL,900,60,26,53.84615384615385,0.17919456,,,,,False,False,False
SELL_TRAPPED,TRAPPED_REVERSAL,900,180,26,42.30769230769231,-1.35547352,,,,,False,False,False
SELL_TRAPPED,TRAPPED_REVERSAL,900,300,26,53.84615384615385,0.14811014,,,,,False,False,False
SELL_TRAPPED,TRAPPED_REVERSAL,900,600,26,38.46153846153846,-3.89612666,,,,,False,False,False
SELL_TRAPPED,TRAPPED_REVERSAL,1800,60,25,32.0,-2.05831904,,,,,False,False,False
SELL_TRAPPED,TRAPPED_REVERSAL,1800,180,25,16.0,-3.55552229,,,,,False,False,False
SELL_TRAPPED,TRAPPED_REVERSAL,1800,300,25,32.0,-0.70157386,,,,,False,False,False
SELL_TRAPPED,TRAPPED_REVERSAL,1800,600,25,16.0,-3.30575935,,,,,False,False,False
