"hook_id","hook_name","category","direction_hint","detector_status","existing_routing_class","asserted_event_classes","capability_predicate_classes","compatible_location_codes","engine_call_scope","runtime_route_enabled","direct_order_authority","routing_gap","status"
"A01","large_bid_wall_appeared","A","UP","IMPLEMENTED_UNCALIBRATED","DECISION_RELEVANT_WAKE","WALL_STATE","ABSORPTION_STATE BOOK_IMBALANCE BREAK_ATTEMPT BREAKOUT_FAILURE ICEBERG_REFILL LIQUIDITY_PULL LIQUIDITY_STACK_REBUILD PRICE_STALL WALL_STATE","VISIBLE_BOOK_WALL","DECISION_RELEVANT_WAKE","NO","NO","","UNVALIDATED"
"A02","large_ask_wall_appeared","A","DOWN","IMPLEMENTED_UNCALIBRATED","DECISION_RELEVANT_WAKE","WALL_STATE","ABSORPTION_STATE BOOK_IMBALANCE BREAK_ATTEMPT BREAKOUT_FAILURE ICEBERG_REFILL LIQUIDITY_PULL LIQUIDITY_STACK_REBUILD PRICE_STALL WALL_STATE","VISIBLE_BOOK_WALL","DECISION_RELEVANT_WAKE","NO","NO","","UNVALIDATED"
"A03","bid_wall_pulled","A","DOWN","IMPLEMENTED_UNCALIBRATED","DECISION_RELEVANT_WAKE","LIQUIDITY_PULL WALL_STATE","ABSORPTION_STATE BOOK_IMBALANCE BREAK_ATTEMPT BREAKOUT_FAILURE ICEBERG_REFILL LIQUIDITY_PULL LIQUIDITY_STACK_REBUILD PRICE_STALL WALL_STATE","VISIBLE_BOOK_WALL","DECISION_RELEVANT_WAKE","NO","NO","","UNVALIDATED"
"A04","ask_wall_pulled","A","UP","IMPLEMENTED_UNCALIBRATED","DECISION_RELEVANT_WAKE","LIQUIDITY_PULL WALL_STATE","ABSORPTION_STATE BOOK_IMBALANCE BREAK_ATTEMPT BREAKOUT_FAILURE ICEBERG_REFILL LIQUIDITY_PULL LIQUIDITY_STACK_REBUILD PRICE_STALL WALL_STATE","VISIBLE_BOOK_WALL","DECISION_RELEVANT_WAKE","NO","NO","","UNVALIDATED"
"A05","bid_depth_thinned","A","DOWN","IMPLEMENTED_UNCALIBRATED","DECISION_RELEVANT_WAKE","LIQUIDITY_PULL","ABSORPTION_STATE BOOK_IMBALANCE BREAK_ATTEMPT BREAKOUT_FAILURE ICEBERG_REFILL LIQUIDITY_PULL LIQUIDITY_STACK_REBUILD PRICE_STALL WALL_STATE","","DECISION_RELEVANT_WAKE","NO","NO","","UNVALIDATED"
"A06","ask_depth_thinned","A","UP","IMPLEMENTED_UNCALIBRATED","DECISION_RELEVANT_WAKE","LIQUIDITY_PULL","ABSORPTION_STATE BOOK_IMBALANCE BREAK_ATTEMPT BREAKOUT_FAILURE ICEBERG_REFILL LIQUIDITY_PULL LIQUIDITY_STACK_REBUILD PRICE_STALL WALL_STATE","","DECISION_RELEVANT_WAKE","NO","NO","","UNVALIDATED"
"A07","bid_depth_strengthened","A","UP","IMPLEMENTED_UNCALIBRATED","DECISION_RELEVANT_WAKE","LIQUIDITY_STACK_REBUILD","ABSORPTION_STATE BOOK_IMBALANCE BREAK_ATTEMPT BREAKOUT_FAILURE ICEBERG_REFILL LIQUIDITY_PULL LIQUIDITY_STACK_REBUILD PRICE_STALL WALL_STATE","","DECISION_RELEVANT_WAKE","NO","NO","","UNVALIDATED"
"A08","ask_depth_strengthened","A","DOWN","IMPLEMENTED_UNCALIBRATED","DECISION_RELEVANT_WAKE","LIQUIDITY_STACK_REBUILD","ABSORPTION_STATE BOOK_IMBALANCE BREAK_ATTEMPT BREAKOUT_FAILURE ICEBERG_REFILL LIQUIDITY_PULL LIQUIDITY_STACK_REBUILD PRICE_STALL WALL_STATE","","DECISION_RELEVANT_WAKE","NO","NO","","UNVALIDATED"
"A09","book_asymmetry_bid","A","UP","IMPLEMENTED_UNCALIBRATED","DECISION_RELEVANT_WAKE","BOOK_IMBALANCE","ABSORPTION_STATE BOOK_IMBALANCE BREAK_ATTEMPT BREAKOUT_FAILURE ICEBERG_REFILL LIQUIDITY_PULL LIQUIDITY_STACK_REBUILD PRICE_STALL WALL_STATE","","DECISION_RELEVANT_WAKE","NO","NO","","UNVALIDATED"
"A10","book_asymmetry_ask","A","DOWN","IMPLEMENTED_UNCALIBRATED","DECISION_RELEVANT_WAKE","BOOK_IMBALANCE","ABSORPTION_STATE BOOK_IMBALANCE BREAK_ATTEMPT BREAKOUT_FAILURE ICEBERG_REFILL LIQUIDITY_PULL LIQUIDITY_STACK_REBUILD PRICE_STALL WALL_STATE","","DECISION_RELEVANT_WAKE","NO","NO","","UNVALIDATED"
"A11","best_bid_retreat","A","DOWN","IMPLEMENTED_UNCALIBRATED","DECISION_RELEVANT_WAKE","BOOK_IMBALANCE","ABSORPTION_STATE BOOK_IMBALANCE BREAK_ATTEMPT BREAKOUT_FAILURE ICEBERG_REFILL LIQUIDITY_PULL LIQUIDITY_STACK_REBUILD PRICE_STALL WALL_STATE","BEST_BID_ASK","DECISION_RELEVANT_WAKE","NO","NO","","UNVALIDATED"
"A12","best_ask_retreat","A","UP","IMPLEMENTED_UNCALIBRATED","DECISION_RELEVANT_WAKE","BOOK_IMBALANCE","ABSORPTION_STATE BOOK_IMBALANCE BREAK_ATTEMPT BREAKOUT_FAILURE ICEBERG_REFILL LIQUIDITY_PULL LIQUIDITY_STACK_REBUILD PRICE_STALL WALL_STATE","BEST_BID_ASK","DECISION_RELEVANT_WAKE","NO","NO","","UNVALIDATED"
"A13","best_bid_advance","A","UP","IMPLEMENTED_UNCALIBRATED","DECISION_RELEVANT_WAKE","BOOK_IMBALANCE","ABSORPTION_STATE BOOK_IMBALANCE BREAK_ATTEMPT BREAKOUT_FAILURE ICEBERG_REFILL LIQUIDITY_PULL LIQUIDITY_STACK_REBUILD PRICE_STALL WALL_STATE","BEST_BID_ASK","DECISION_RELEVANT_WAKE","NO","NO","","UNVALIDATED"
"A14","best_ask_advance","A","DOWN","IMPLEMENTED_UNCALIBRATED","DECISION_RELEVANT_WAKE","BOOK_IMBALANCE","ABSORPTION_STATE BOOK_IMBALANCE BREAK_ATTEMPT BREAKOUT_FAILURE ICEBERG_REFILL LIQUIDITY_PULL LIQUIDITY_STACK_REBUILD PRICE_STALL WALL_STATE","BEST_BID_ASK","DECISION_RELEVANT_WAKE","NO","NO","","UNVALIDATED"
"A15","spread_expansion","A","NONE","IMPLEMENTED_UNCALIBRATED","DECISION_RELEVANT_WAKE","BOOK_IMBALANCE","ABSORPTION_STATE BOOK_IMBALANCE BREAK_ATTEMPT BREAKOUT_FAILURE ICEBERG_REFILL LIQUIDITY_PULL LIQUIDITY_STACK_REBUILD PRICE_STALL WALL_STATE","","DECISION_RELEVANT_WAKE","NO","NO","","UNVALIDATED"
"A16","spread_recovery","A","NONE","IMPLEMENTED_UNCALIBRATED","DECISION_RELEVANT_WAKE","BOOK_IMBALANCE","ABSORPTION_STATE BOOK_IMBALANCE BREAK_ATTEMPT BREAKOUT_FAILURE ICEBERG_REFILL LIQUIDITY_PULL LIQUIDITY_STACK_REBUILD PRICE_STALL WALL_STATE","","DECISION_RELEVANT_WAKE","NO","NO","","UNVALIDATED"
"A17","bid_iceberg_suspected","A","UP","IMPLEMENTED_UNCALIBRATED","SUSPECTED_CONTEXT_ONLY","ICEBERG_REFILL","ABSORPTION_STATE BOOK_IMBALANCE BREAK_ATTEMPT BREAKOUT_FAILURE ICEBERG_REFILL LIQUIDITY_PULL LIQUIDITY_STACK_REBUILD PRICE_STALL WALL_STATE","VISIBLE_BOOK_WALL","SUSPECTED_CONTEXT_ONLY","NO","NO","","UNVALIDATED"
"A18","ask_iceberg_suspected","A","DOWN","IMPLEMENTED_UNCALIBRATED","SUSPECTED_CONTEXT_ONLY","ICEBERG_REFILL","ABSORPTION_STATE BOOK_IMBALANCE BREAK_ATTEMPT BREAKOUT_FAILURE ICEBERG_REFILL LIQUIDITY_PULL LIQUIDITY_STACK_REBUILD PRICE_STALL WALL_STATE","VISIBLE_BOOK_WALL","SUSPECTED_CONTEXT_ONLY","NO","NO","","UNVALIDATED"
"A19","bid_spoofing_suspected","A","DOWN","IMPLEMENTED_UNCALIBRATED","SUSPECTED_CONTEXT_ONLY","LIQUIDITY_PULL","ABSORPTION_STATE BOOK_IMBALANCE BREAK_ATTEMPT BREAKOUT_FAILURE ICEBERG_REFILL LIQUIDITY_PULL LIQUIDITY_STACK_REBUILD PRICE_STALL WALL_STATE","VISIBLE_BOOK_WALL","SUSPECTED_CONTEXT_ONLY","NO","NO","","UNVALIDATED"
"A20","ask_spoofing_suspected","A","UP","IMPLEMENTED_UNCALIBRATED","SUSPECTED_CONTEXT_ONLY","LIQUIDITY_PULL","ABSORPTION_STATE BOOK_IMBALANCE BREAK_ATTEMPT BREAKOUT_FAILURE ICEBERG_REFILL LIQUIDITY_PULL LIQUIDITY_STACK_REBUILD PRICE_STALL WALL_STATE","VISIBLE_BOOK_WALL","SUSPECTED_CONTEXT_ONLY","NO","NO","","UNVALIDATED"
"A21","upside_vacuum","A","UP","IMPLEMENTED_UNCALIBRATED","DECISION_RELEVANT_WAKE","LIQUIDITY_PULL","ABSORPTION_STATE BOOK_IMBALANCE BREAK_ATTEMPT BREAKOUT_FAILURE ICEBERG_REFILL LIQUIDITY_PULL LIQUIDITY_STACK_REBUILD PRICE_STALL WALL_STATE","","DECISION_RELEVANT_WAKE","NO","NO","","UNVALIDATED"
"A22","downside_vacuum","A","DOWN","IMPLEMENTED_UNCALIBRATED","DECISION_RELEVANT_WAKE","LIQUIDITY_PULL","ABSORPTION_STATE BOOK_IMBALANCE BREAK_ATTEMPT BREAKOUT_FAILURE ICEBERG_REFILL LIQUIDITY_PULL LIQUIDITY_STACK_REBUILD PRICE_STALL WALL_STATE","","DECISION_RELEVANT_WAKE","NO","NO","","UNVALIDATED"
"A23","bid_wall_tracks_up","A","UP","IMPLEMENTED_UNCALIBRATED","DECISION_RELEVANT_WAKE","LIQUIDITY_STACK_REBUILD WALL_STATE","ABSORPTION_STATE BOOK_IMBALANCE BREAK_ATTEMPT BREAKOUT_FAILURE ICEBERG_REFILL LIQUIDITY_PULL LIQUIDITY_STACK_REBUILD PRICE_STALL WALL_STATE","VISIBLE_BOOK_WALL","DECISION_RELEVANT_WAKE","NO","NO","","UNVALIDATED"
"A24","ask_wall_tracks_down","A","DOWN","IMPLEMENTED_UNCALIBRATED","DECISION_RELEVANT_WAKE","LIQUIDITY_STACK_REBUILD WALL_STATE","ABSORPTION_STATE BOOK_IMBALANCE BREAK_ATTEMPT BREAKOUT_FAILURE ICEBERG_REFILL LIQUIDITY_PULL LIQUIDITY_STACK_REBUILD PRICE_STALL WALL_STATE","VISIBLE_BOOK_WALL","DECISION_RELEVANT_WAKE","NO","NO","","UNVALIDATED"
"B01","consecutive_market_buys","B","UP","REGISTERED_UNIMPLEMENTED","DECISION_RELEVANT_WAKE","TAPE_AGGRESSION","ABSORPTION_STATE BREAK_ATTEMPT BREAKOUT_FAILURE DELTA_FLIP DELTA_STATE FLOW_PRICE_DIVERGENCE PRICE_PROGRESS PRICE_REVERSAL PRICE_STALL STOP_SWEEP TAPE_AGGRESSION TAPE_FADE TAPE_PARTICIPATION TRAPPED_PARTICIPANTS","","DECISION_RELEVANT_WAKE","NO","NO","","UNVALIDATED"
"B02","consecutive_market_sells","B","DOWN","REGISTERED_UNIMPLEMENTED","DECISION_RELEVANT_WAKE","TAPE_AGGRESSION","ABSORPTION_STATE BREAK_ATTEMPT BREAKOUT_FAILURE DELTA_FLIP DELTA_STATE FLOW_PRICE_DIVERGENCE PRICE_PROGRESS PRICE_REVERSAL PRICE_STALL STOP_SWEEP TAPE_AGGRESSION TAPE_FADE TAPE_PARTICIPATION TRAPPED_PARTICIPANTS","","DECISION_RELEVANT_WAKE","NO","NO","","UNVALIDATED"
"B03","buy_aggression","B","UP","REGISTERED_UNIMPLEMENTED","DECISION_RELEVANT_WAKE","TAPE_AGGRESSION","ABSORPTION_STATE BREAK_ATTEMPT BREAKOUT_FAILURE DELTA_FLIP DELTA_STATE FLOW_PRICE_DIVERGENCE PRICE_PROGRESS PRICE_REVERSAL PRICE_STALL STOP_SWEEP TAPE_AGGRESSION TAPE_FADE TAPE_PARTICIPATION TRAPPED_PARTICIPANTS","","DECISION_RELEVANT_WAKE","NO","NO","","UNVALIDATED"
"B04","sell_aggression","B","DOWN","REGISTERED_UNIMPLEMENTED","DECISION_RELEVANT_WAKE","TAPE_AGGRESSION","ABSORPTION_STATE BREAK_ATTEMPT BREAKOUT_FAILURE DELTA_FLIP DELTA_STATE FLOW_PRICE_DIVERGENCE PRICE_PROGRESS PRICE_REVERSAL PRICE_STALL STOP_SWEEP TAPE_AGGRESSION TAPE_FADE TAPE_PARTICIPATION TRAPPED_PARTICIPANTS","","DECISION_RELEVANT_WAKE","NO","NO","","UNVALIDATED"
"B05","trade_speed_spike","B","NONE","REGISTERED_UNIMPLEMENTED","DECISION_RELEVANT_WAKE","TAPE_PARTICIPATION","ABSORPTION_STATE BREAK_ATTEMPT BREAKOUT_FAILURE DELTA_FLIP DELTA_STATE FLOW_PRICE_DIVERGENCE PRICE_PROGRESS PRICE_REVERSAL PRICE_STALL STOP_SWEEP TAPE_AGGRESSION TAPE_FADE TAPE_PARTICIPATION TRAPPED_PARTICIPANTS","","DECISION_RELEVANT_WAKE","NO","NO","","UNVALIDATED"
"B06","trade_pause","B","NONE","REGISTERED_UNIMPLEMENTED","DECISION_RELEVANT_WAKE","TAPE_FADE TEMPORAL_SEQUENCE","ABSORPTION_STATE BREAK_ATTEMPT BREAKOUT_FAILURE DELTA_FLIP DELTA_STATE FLOW_PRICE_DIVERGENCE PRICE_PROGRESS PRICE_REVERSAL PRICE_STALL STOP_SWEEP TAPE_AGGRESSION TAPE_FADE TAPE_PARTICIPATION TEMPORAL_SEQUENCE TRAPPED_PARTICIPANTS","","DECISION_RELEVANT_WAKE","NO","NO","","UNVALIDATED"
"B07","large_market_buy","B","UP","REGISTERED_UNIMPLEMENTED","DECISION_RELEVANT_WAKE","TAPE_AGGRESSION","ABSORPTION_STATE BREAK_ATTEMPT BREAKOUT_FAILURE DELTA_FLIP DELTA_STATE FLOW_PRICE_DIVERGENCE PRICE_PROGRESS PRICE_REVERSAL PRICE_STALL STOP_SWEEP TAPE_AGGRESSION TAPE_FADE TAPE_PARTICIPATION TRAPPED_PARTICIPANTS","","DECISION_RELEVANT_WAKE","NO","NO","","UNVALIDATED"
"B08","large_market_sell","B","DOWN","REGISTERED_UNIMPLEMENTED","DECISION_RELEVANT_WAKE","TAPE_AGGRESSION","ABSORPTION_STATE BREAK_ATTEMPT BREAKOUT_FAILURE DELTA_FLIP DELTA_STATE FLOW_PRICE_DIVERGENCE PRICE_PROGRESS PRICE_REVERSAL PRICE_STALL STOP_SWEEP TAPE_AGGRESSION TAPE_FADE TAPE_PARTICIPATION TRAPPED_PARTICIPANTS","","DECISION_RELEVANT_WAKE","NO","NO","","UNVALIDATED"
"B09","large_buy_cluster","B","UP","REGISTERED_UNIMPLEMENTED","DECISION_RELEVANT_WAKE","TAPE_AGGRESSION","ABSORPTION_STATE BREAK_ATTEMPT BREAKOUT_FAILURE DELTA_FLIP DELTA_STATE FLOW_PRICE_DIVERGENCE PRICE_PROGRESS PRICE_REVERSAL PRICE_STALL STOP_SWEEP TAPE_AGGRESSION TAPE_FADE TAPE_PARTICIPATION TRAPPED_PARTICIPANTS","","DECISION_RELEVANT_WAKE","NO","NO","","UNVALIDATED"
"B10","large_sell_cluster","B","DOWN","REGISTERED_UNIMPLEMENTED","DECISION_RELEVANT_WAKE","TAPE_AGGRESSION","ABSORPTION_STATE BREAK_ATTEMPT BREAKOUT_FAILURE DELTA_FLIP DELTA_STATE FLOW_PRICE_DIVERGENCE PRICE_PROGRESS PRICE_REVERSAL PRICE_STALL STOP_SWEEP TAPE_AGGRESSION TAPE_FADE TAPE_PARTICIPATION TRAPPED_PARTICIPANTS","","DECISION_RELEVANT_WAKE","NO","NO","","UNVALIDATED"
"B11","buy_sweep","B","UP","REGISTERED_UNIMPLEMENTED","DECISION_RELEVANT_WAKE","STOP_SWEEP TAPE_AGGRESSION","ABSORPTION_STATE BREAK_ATTEMPT BREAKOUT_FAILURE DELTA_FLIP DELTA_STATE FLOW_PRICE_DIVERGENCE PRICE_PROGRESS PRICE_REVERSAL PRICE_STALL STOP_SWEEP TAPE_AGGRESSION TAPE_FADE TAPE_PARTICIPATION TRAPPED_PARTICIPANTS","","DECISION_RELEVANT_WAKE","NO","NO","","UNVALIDATED"
"B12","sell_sweep","B","DOWN","REGISTERED_UNIMPLEMENTED","DECISION_RELEVANT_WAKE","STOP_SWEEP TAPE_AGGRESSION","ABSORPTION_STATE BREAK_ATTEMPT BREAKOUT_FAILURE DELTA_FLIP DELTA_STATE FLOW_PRICE_DIVERGENCE PRICE_PROGRESS PRICE_REVERSAL PRICE_STALL STOP_SWEEP TAPE_AGGRESSION TAPE_FADE TAPE_PARTICIPATION TRAPPED_PARTICIPANTS","","DECISION_RELEVANT_WAKE","NO","NO","","UNVALIDATED"
"B13","average_trade_size_spike","B","NONE","REGISTERED_UNIMPLEMENTED","DECISION_RELEVANT_WAKE","TAPE_PARTICIPATION","ABSORPTION_STATE BREAK_ATTEMPT BREAKOUT_FAILURE DELTA_FLIP DELTA_STATE FLOW_PRICE_DIVERGENCE PRICE_PROGRESS PRICE_REVERSAL PRICE_STALL STOP_SWEEP TAPE_AGGRESSION TAPE_FADE TAPE_PARTICIPATION TRAPPED_PARTICIPANTS","","DECISION_RELEVANT_WAKE","NO","NO","","UNVALIDATED"
"B14","small_trade_burst","B","NONE","REGISTERED_UNIMPLEMENTED","DECISION_RELEVANT_WAKE","TAPE_PARTICIPATION","ABSORPTION_STATE BREAK_ATTEMPT BREAKOUT_FAILURE DELTA_FLIP DELTA_STATE FLOW_PRICE_DIVERGENCE PRICE_PROGRESS PRICE_REVERSAL PRICE_STALL STOP_SWEEP TAPE_AGGRESSION TAPE_FADE TAPE_PARTICIPATION TRAPPED_PARTICIPANTS","","DECISION_RELEVANT_WAKE","NO","NO","","UNVALIDATED"
"B15","buy_delta_spike","B","UP","REGISTERED_UNIMPLEMENTED","DECISION_RELEVANT_WAKE","DELTA_STATE","ABSORPTION_STATE BREAK_ATTEMPT BREAKOUT_FAILURE DELTA_FLIP DELTA_STATE FLOW_PRICE_DIVERGENCE PRICE_PROGRESS PRICE_REVERSAL PRICE_STALL STOP_SWEEP TAPE_AGGRESSION TAPE_FADE TAPE_PARTICIPATION TRAPPED_PARTICIPANTS","","DECISION_RELEVANT_WAKE","NO","NO","","UNVALIDATED"
"B16","sell_delta_spike","B","DOWN","REGISTERED_UNIMPLEMENTED","DECISION_RELEVANT_WAKE","DELTA_STATE","ABSORPTION_STATE BREAK_ATTEMPT BREAKOUT_FAILURE DELTA_FLIP DELTA_STATE FLOW_PRICE_DIVERGENCE PRICE_PROGRESS PRICE_REVERSAL PRICE_STALL STOP_SWEEP TAPE_AGGRESSION TAPE_FADE TAPE_PARTICIPATION TRAPPED_PARTICIPANTS","","DECISION_RELEVANT_WAKE","NO","NO","","UNVALIDATED"
"B17","delta_flip_buy_to_sell","B","DOWN","REGISTERED_UNIMPLEMENTED","DECISION_RELEVANT_WAKE","DELTA_FLIP DELTA_STATE","ABSORPTION_STATE BREAK_ATTEMPT BREAKOUT_FAILURE DELTA_FLIP DELTA_STATE FLOW_PRICE_DIVERGENCE PRICE_PROGRESS PRICE_REVERSAL PRICE_STALL STOP_SWEEP TAPE_AGGRESSION TAPE_FADE TAPE_PARTICIPATION TRAPPED_PARTICIPANTS","","DECISION_RELEVANT_WAKE","NO","NO","","UNVALIDATED"
"B18","delta_flip_sell_to_buy","B","UP","REGISTERED_UNIMPLEMENTED","DECISION_RELEVANT_WAKE","DELTA_FLIP DELTA_STATE","ABSORPTION_STATE BREAK_ATTEMPT BREAKOUT_FAILURE DELTA_FLIP DELTA_STATE FLOW_PRICE_DIVERGENCE PRICE_PROGRESS PRICE_REVERSAL PRICE_STALL STOP_SWEEP TAPE_AGGRESSION TAPE_FADE TAPE_PARTICIPATION TRAPPED_PARTICIPANTS","","DECISION_RELEVANT_WAKE","NO","NO","","UNVALIDATED"
"B19","directional_persistence","B","NONE","REGISTERED_UNIMPLEMENTED","DECISION_RELEVANT_WAKE","PRICE_PROGRESS TAPE_AGGRESSION","ABSORPTION_STATE BREAK_ATTEMPT BREAKOUT_FAILURE DELTA_FLIP DELTA_STATE FLOW_PRICE_DIVERGENCE PRICE_PROGRESS PRICE_REVERSAL PRICE_STALL STOP_SWEEP TAPE_AGGRESSION TAPE_FADE TAPE_PARTICIPATION TRAPPED_PARTICIPANTS","","DECISION_RELEVANT_WAKE","NO","NO","","UNVALIDATED"
"B20","high_volume_neutral_delta","B","NONE","REGISTERED_UNIMPLEMENTED","DECISION_RELEVANT_WAKE","DELTA_STATE TAPE_PARTICIPATION","ABSORPTION_STATE BREAK_ATTEMPT BREAKOUT_FAILURE DELTA_FLIP DELTA_STATE FLOW_PRICE_DIVERGENCE PRICE_PROGRESS PRICE_REVERSAL PRICE_STALL STOP_SWEEP TAPE_AGGRESSION TAPE_FADE TAPE_PARTICIPATION TRAPPED_PARTICIPANTS","","DECISION_RELEVANT_WAKE","NO","NO","","UNVALIDATED"
"C01","buy_absorption","C","UP","REGISTERED_UNIMPLEMENTED","DECISION_RELEVANT_WAKE","ABSORPTION_STATE","ABSORPTION_STATE BREAK_ATTEMPT BREAKOUT_FAILURE ICEBERG_REFILL PRICE_PROGRESS PRICE_REVERSAL PRICE_STALL WALL_STATE","","DECISION_RELEVANT_WAKE","NO","NO","","UNVALIDATED"
"C02","sell_absorption","C","DOWN","REGISTERED_UNIMPLEMENTED","DECISION_RELEVANT_WAKE","ABSORPTION_STATE","ABSORPTION_STATE BREAK_ATTEMPT BREAKOUT_FAILURE ICEBERG_REFILL PRICE_PROGRESS PRICE_REVERSAL PRICE_STALL WALL_STATE","","DECISION_RELEVANT_WAKE","NO","NO","","UNVALIDATED"
"C03","buy_absorption_failed","C","DOWN","IMPLEMENTED_UNCALIBRATED","DECISION_RELEVANT_WAKE","ABSORPTION_STATE BREAK_ATTEMPT WALL_STATE","ABSORPTION_STATE BREAK_ATTEMPT BREAKOUT_FAILURE ICEBERG_REFILL PRICE_PROGRESS PRICE_REVERSAL PRICE_STALL WALL_STATE","","DECISION_RELEVANT_WAKE","NO","NO","","UNVALIDATED"
"C04","sell_absorption_failed","C","UP","IMPLEMENTED_UNCALIBRATED","DECISION_RELEVANT_WAKE","ABSORPTION_STATE BREAK_ATTEMPT WALL_STATE","ABSORPTION_STATE BREAK_ATTEMPT BREAKOUT_FAILURE ICEBERG_REFILL PRICE_PROGRESS PRICE_REVERSAL PRICE_STALL WALL_STATE","","DECISION_RELEVANT_WAKE","NO","NO","","UNVALIDATED"
"C05","repeated_absorption","C","BOTH","IMPLEMENTED_UNCALIBRATED","DECISION_RELEVANT_WAKE","ABSORPTION_STATE RETEST_SEQUENCE","ABSORPTION_STATE BREAK_ATTEMPT BREAKOUT_FAILURE ICEBERG_REFILL PRICE_PROGRESS PRICE_REVERSAL PRICE_STALL RETEST_SEQUENCE WALL_STATE","","DECISION_RELEVANT_WAKE","NO","NO","","UNVALIDATED"
"C06","wall_collision_started","C","BOTH","IMPLEMENTED_UNCALIBRATED","DECISION_RELEVANT_WAKE","ABSORPTION_STATE WALL_STATE","ABSORPTION_STATE BREAK_ATTEMPT BREAKOUT_FAILURE ICEBERG_REFILL PRICE_PROGRESS PRICE_REVERSAL PRICE_STALL WALL_STATE","VISIBLE_BOOK_WALL","DECISION_RELEVANT_WAKE","NO","NO","","UNVALIDATED"
"C07","ask_wall_consumed","C","UP","IMPLEMENTED_UNCALIBRATED","DECISION_RELEVANT_WAKE","BREAK_ATTEMPT WALL_STATE","ABSORPTION_STATE BREAK_ATTEMPT BREAKOUT_FAILURE ICEBERG_REFILL PRICE_PROGRESS PRICE_REVERSAL PRICE_STALL WALL_STATE","VISIBLE_BOOK_WALL","DECISION_RELEVANT_WAKE","NO","NO","","UNVALIDATED"
"C08","bid_wall_consumed","C","DOWN","IMPLEMENTED_UNCALIBRATED","DECISION_RELEVANT_WAKE","BREAK_ATTEMPT WALL_STATE","ABSORPTION_STATE BREAK_ATTEMPT BREAKOUT_FAILURE ICEBERG_REFILL PRICE_PROGRESS PRICE_REVERSAL PRICE_STALL WALL_STATE","VISIBLE_BOOK_WALL","DECISION_RELEVANT_WAKE","NO","NO","","UNVALIDATED"
"C09","liquidation_absorbed","C","NONE","IMPLEMENTED_UNCALIBRATED","DECISION_RELEVANT_WAKE","ABSORPTION_STATE LIQUIDATION_FLOW PRICE_STALL","ABSORPTION_STATE BREAK_ATTEMPT BREAKOUT_FAILURE ICEBERG_REFILL LIQUIDATION_FLOW PRICE_PROGRESS PRICE_REVERSAL PRICE_STALL WALL_STATE","","DECISION_RELEVANT_WAKE","NO","NO","","UNVALIDATED"
"D01","buy_effective_transition","D","UP","REGISTERED_UNIMPLEMENTED","DECISION_RELEVANT_WAKE","PRICE_PROGRESS","ABSORPTION_STATE BREAK_ATTEMPT BREAKOUT_FAILURE FLOW_PRICE_DIVERGENCE PRICE_PROGRESS PRICE_REVERSAL PRICE_STALL TRAPPED_PARTICIPANTS","","DECISION_RELEVANT_WAKE","NO","NO","","UNVALIDATED"
"D02","sell_effective_transition","D","DOWN","REGISTERED_UNIMPLEMENTED","DECISION_RELEVANT_WAKE","PRICE_PROGRESS","ABSORPTION_STATE BREAK_ATTEMPT BREAKOUT_FAILURE FLOW_PRICE_DIVERGENCE PRICE_PROGRESS PRICE_REVERSAL PRICE_STALL TRAPPED_PARTICIPANTS","","DECISION_RELEVANT_WAKE","NO","NO","","UNVALIDATED"
"D03","buy_trapped_transition","D","DOWN","REGISTERED_UNIMPLEMENTED","DECISION_RELEVANT_WAKE","TRAPPED_PARTICIPANTS","ABSORPTION_STATE BREAK_ATTEMPT BREAKOUT_FAILURE FLOW_PRICE_DIVERGENCE PRICE_PROGRESS PRICE_REVERSAL PRICE_STALL TRAPPED_PARTICIPANTS","","DECISION_RELEVANT_WAKE","NO","NO","","UNVALIDATED"
"D04","sell_trapped_transition","D","UP","REGISTERED_UNIMPLEMENTED","DECISION_RELEVANT_WAKE","TRAPPED_PARTICIPANTS","ABSORPTION_STATE BREAK_ATTEMPT BREAKOUT_FAILURE FLOW_PRICE_DIVERGENCE PRICE_PROGRESS PRICE_REVERSAL PRICE_STALL TRAPPED_PARTICIPANTS","","DECISION_RELEVANT_WAKE","NO","NO","","UNVALIDATED"
"D05","stalled_transition","D","BOTH","REGISTERED_UNIMPLEMENTED","DECISION_RELEVANT_WAKE","PRICE_STALL","ABSORPTION_STATE BREAK_ATTEMPT BREAKOUT_FAILURE FLOW_PRICE_DIVERGENCE PRICE_PROGRESS PRICE_REVERSAL PRICE_STALL TRAPPED_PARTICIPANTS","","DECISION_RELEVANT_WAKE","NO","NO","","UNVALIDATED"
"D06","effective_to_trapped_fast","D","BOTH","IMPLEMENTED_UNCALIBRATED","DECISION_RELEVANT_WAKE","TRAPPED_PARTICIPANTS","ABSORPTION_STATE BREAK_ATTEMPT BREAKOUT_FAILURE FLOW_PRICE_DIVERGENCE PRICE_PROGRESS PRICE_REVERSAL PRICE_STALL TRAPPED_PARTICIPANTS","","DECISION_RELEVANT_WAKE","NO","NO","","UNVALIDATED"
"D07","trapped_resolved","D","BOTH","IMPLEMENTED_UNCALIBRATED","DECISION_RELEVANT_WAKE","PRICE_REVERSAL TRAPPED_PARTICIPANTS","ABSORPTION_STATE BREAK_ATTEMPT BREAKOUT_FAILURE FLOW_PRICE_DIVERGENCE PRICE_PROGRESS PRICE_REVERSAL PRICE_STALL TRAPPED_PARTICIPANTS","","DECISION_RELEVANT_WAKE","NO","NO","","UNVALIDATED"
"D08","multi_window_alignment","D","BOTH","IMPLEMENTED_UNCALIBRATED","DECISION_RELEVANT_WAKE","TREND_CONTEXT","ABSORPTION_STATE BREAK_ATTEMPT BREAKOUT_FAILURE FLOW_PRICE_DIVERGENCE PRICE_PROGRESS PRICE_REVERSAL PRICE_STALL TRAPPED_PARTICIPANTS TREND_CONTEXT","","DECISION_RELEVANT_WAKE","NO","NO","","UNVALIDATED"
"E01","large_long_liquidation","E","DOWN","IMPLEMENTED_UNCALIBRATED","CONTEXT_REFRESH","LIQUIDATION_FLOW","ABSORPTION_STATE LIQUIDATION_FLOW PRICE_PROGRESS PRICE_REVERSAL PRICE_STALL TAPE_FADE","","CONTEXT_REFRESH","NO","NO","","UNVALIDATED"
"E02","large_short_liquidation","E","UP","IMPLEMENTED_UNCALIBRATED","CONTEXT_REFRESH","LIQUIDATION_FLOW","ABSORPTION_STATE LIQUIDATION_FLOW PRICE_PROGRESS PRICE_REVERSAL PRICE_STALL TAPE_FADE","","CONTEXT_REFRESH","NO","NO","","UNVALIDATED"
"E03","long_liquidation_cascade","E","DOWN","IMPLEMENTED_UNCALIBRATED","CONTEXT_REFRESH","LIQUIDATION_FLOW","ABSORPTION_STATE LIQUIDATION_FLOW PRICE_PROGRESS PRICE_REVERSAL PRICE_STALL TAPE_FADE","","CONTEXT_REFRESH","NO","NO","","UNVALIDATED"
"E04","short_liquidation_cascade","E","UP","IMPLEMENTED_UNCALIBRATED","CONTEXT_REFRESH","LIQUIDATION_FLOW","ABSORPTION_STATE LIQUIDATION_FLOW PRICE_PROGRESS PRICE_REVERSAL PRICE_STALL TAPE_FADE","","CONTEXT_REFRESH","NO","NO","","UNVALIDATED"
"E05","liquidation_no_price_response","E","BOTH","IMPLEMENTED_UNCALIBRATED","CONTEXT_REFRESH","ABSORPTION_STATE LIQUIDATION_FLOW PRICE_STALL","ABSORPTION_STATE LIQUIDATION_FLOW PRICE_PROGRESS PRICE_REVERSAL PRICE_STALL TAPE_FADE","","CONTEXT_REFRESH","NO","NO","","UNVALIDATED"
"E06","liquidation_exhaustion","E","BOTH","IMPLEMENTED_UNCALIBRATED","CONTEXT_REFRESH","LIQUIDATION_FLOW PRICE_REVERSAL TAPE_FADE","ABSORPTION_STATE LIQUIDATION_FLOW PRICE_PROGRESS PRICE_REVERSAL PRICE_STALL TAPE_FADE","","CONTEXT_REFRESH","NO","NO","","UNVALIDATED"
"F01","oi_up_price_up","F","UP","IMPLEMENTED_UNCALIBRATED","CONTEXT_REFRESH","OPEN_INTEREST_CHANGE PRICE_PROGRESS","OPEN_INTEREST_CHANGE PRICE_PROGRESS","","CONTEXT_REFRESH","NO","NO","","UNVALIDATED"
"F02","oi_up_price_down","F","DOWN","IMPLEMENTED_UNCALIBRATED","CONTEXT_REFRESH","OPEN_INTEREST_CHANGE PRICE_PROGRESS","OPEN_INTEREST_CHANGE PRICE_PROGRESS","","CONTEXT_REFRESH","NO","NO","","UNVALIDATED"
"F03","oi_down_price_up","F","UP","IMPLEMENTED_UNCALIBRATED","CONTEXT_REFRESH","OPEN_INTEREST_CHANGE PRICE_PROGRESS","OPEN_INTEREST_CHANGE PRICE_PROGRESS","","CONTEXT_REFRESH","NO","NO","","UNVALIDATED"
"F04","oi_down_price_down","F","DOWN","IMPLEMENTED_UNCALIBRATED","CONTEXT_REFRESH","OPEN_INTEREST_CHANGE PRICE_PROGRESS","OPEN_INTEREST_CHANGE PRICE_PROGRESS","","CONTEXT_REFRESH","NO","NO","","UNVALIDATED"
"F05","oi_shock","F","BOTH","IMPLEMENTED_UNCALIBRATED","CONTEXT_REFRESH","OPEN_INTEREST_CHANGE","OPEN_INTEREST_CHANGE PRICE_PROGRESS","","CONTEXT_REFRESH","NO","NO","","UNVALIDATED"
"G01","recent_high_touch","G","NONE","IMPLEMENTED_UNCALIBRATED","DECISION_RELEVANT_WAKE","LOCATION_CONTEXT RETEST_SEQUENCE","LOCATION_CONTEXT RETEST_SEQUENCE","ROLLING_5M_EXTREME","DECISION_RELEVANT_WAKE","NO","NO","","UNVALIDATED"
"G02","recent_low_touch","G","NONE","IMPLEMENTED_UNCALIBRATED","DECISION_RELEVANT_WAKE","LOCATION_CONTEXT RETEST_SEQUENCE","LOCATION_CONTEXT RETEST_SEQUENCE","ROLLING_5M_EXTREME","DECISION_RELEVANT_WAKE","NO","NO","","UNVALIDATED"
"G03","high_break","G","UP","IMPLEMENTED_UNCALIBRATED","DECISION_RELEVANT_WAKE","BREAK_ATTEMPT","BREAK_ATTEMPT","ROLLING_5M_EXTREME","DECISION_RELEVANT_WAKE","NO","NO","","UNVALIDATED"
"G04","low_break","G","DOWN","IMPLEMENTED_UNCALIBRATED","DECISION_RELEVANT_WAKE","BREAK_ATTEMPT","BREAK_ATTEMPT","ROLLING_5M_EXTREME","DECISION_RELEVANT_WAKE","NO","NO","","UNVALIDATED"
"G05","failed_high_break","G","DOWN","IMPLEMENTED_UNCALIBRATED","DECISION_RELEVANT_WAKE","BREAKOUT_FAILURE RECLAIM_RETURN","BREAKOUT_FAILURE RECLAIM_RETURN","ROLLING_5M_EXTREME","DECISION_RELEVANT_WAKE","NO","NO","","UNVALIDATED"
"G06","failed_low_break","G","UP","IMPLEMENTED_UNCALIBRATED","DECISION_RELEVANT_WAKE","BREAKOUT_FAILURE RECLAIM_RETURN","BREAKOUT_FAILURE RECLAIM_RETURN","ROLLING_5M_EXTREME","DECISION_RELEVANT_WAKE","NO","NO","","UNVALIDATED"
"G07","vwap_touch","G","NONE","IMPLEMENTED_UNCALIBRATED","DECISION_RELEVANT_WAKE","LOCATION_CONTEXT","LOCATION_CONTEXT","","DECISION_RELEVANT_WAKE","NO","NO","NO_DERIVED_VARIANT_LOCATION:VWAP","UNVALIDATED"
"G08","vwap_deviation_extreme","G","NONE","IMPLEMENTED_UNCALIBRATED","DECISION_RELEVANT_WAKE","LOCATION_CONTEXT","LOCATION_CONTEXT","","DECISION_RELEVANT_WAKE","NO","NO","NO_DERIVED_VARIANT_LOCATION:VWAP","UNVALIDATED"
"G09","volume_node_touch","G","NONE","IMPLEMENTED_UNCALIBRATED","DECISION_RELEVANT_WAKE","LOCATION_CONTEXT","LOCATION_CONTEXT","PROFILE_HVN PROFILE_LVN","DECISION_RELEVANT_WAKE","NO","NO","","UNVALIDATED"
"G10","round_number_touch","G","NONE","IMPLEMENTED_UNCALIBRATED","DECISION_RELEVANT_WAKE","LOCATION_CONTEXT","LOCATION_CONTEXT","","BLOCKED_MISSING_CONDITION","NO","NO","MISSING_CONDITION:ROUND_NUMBER_REFERENCE","UNVALIDATED"
"G11","range_edge","G","BOTH","IMPLEMENTED_UNCALIBRATED","DECISION_RELEVANT_WAKE","LOCATION_CONTEXT","LOCATION_CONTEXT","","DECISION_RELEVANT_WAKE","NO","NO","NO_DERIVED_VARIANT_LOCATION:ACTIVE_RANGE_EDGE","UNVALIDATED"
"G12","higher_timeframe_direction","G","BOTH","REGISTERED_UNIMPLEMENTED","DECISION_RELEVANT_WAKE","TREND_CONTEXT","TREND_CONTEXT","","DECISION_RELEVANT_WAKE","NO","NO","","UNVALIDATED"
"H01","session_context","H","NONE","REGISTERED_UNIMPLEMENTED","CONTEXT_REFRESH","GLOBAL_CONTEXT_ONLY","GLOBAL_CONTEXT_ONLY","","GLOBAL_CONTEXT_REFRESH","NO","NO","","UNVALIDATED"
"H02","high_volatility_context","H","NONE","REGISTERED_UNIMPLEMENTED","CONTEXT_REFRESH","GLOBAL_CONTEXT_ONLY","GLOBAL_CONTEXT_ONLY","","GLOBAL_CONTEXT_REFRESH","NO","NO","","UNVALIDATED"
"H03","low_liquidity_context","H","NONE","REGISTERED_UNIMPLEMENTED","CONTEXT_REFRESH","GLOBAL_CONTEXT_ONLY","GLOBAL_CONTEXT_ONLY","","GLOBAL_CONTEXT_REFRESH","NO","NO","","UNVALIDATED"
"H04","hfm_spread_normal","H","NONE","REGISTERED_UNIMPLEMENTED","CONTEXT_REFRESH","BOOK_IMBALANCE GLOBAL_CONTEXT_ONLY","BOOK_IMBALANCE GLOBAL_CONTEXT_ONLY","","GLOBAL_CONTEXT_REFRESH","NO","NO","","UNVALIDATED"
