relation,relative_path_30m,sha256_30m,size_bytes_30m,last_write_utc_30m,relative_path_1m,sha256_1m,size_bytes_1m,one_m_same_hash_paths
DIFFERENT_RELATIVE_PATH,.gitignore,588382118B8546C4B0E9EF9B71EA6B27759A7CA900054C3A5696D0858310B075,359,2026-07-23T03:36:49.8845296Z,.gitignore,5223FA8BF45D6D9CB00A4AC4779A0EB136D3A706B14231A340B6A708BF0C5E66,796,
IDENTICAL_RELATIVE_PATH,assets\deltaengine.ico,FFDC918544A420944C2CB8C668FA9AFD7AF82DA9D21438F915E7548D856C5764,41086,2026-07-18T18:05:14.6834053Z,assets\deltaengine.ico,FFDC918544A420944C2CB8C668FA9AFD7AF82DA9D21438F915E7548D856C5764,41086,assets\deltaengine.ico
THIRTY_M_ONLY,CHANGELOG.md,1235FE966CFF999F04A90F0172857EB9FFA6B3EE24CC19BF8AACE2C846938CE6,761,2026-07-23T03:30:56.4048623Z,,,,
DIFFERENT_RELATIVE_PATH,CompletionLog.md,BA1D2E76F0B1A308222B32318B707FC06E389F20CD96403D42BB2A191922BD5C,12511,2026-07-23T03:37:41.1610055Z,CompletionLog.md,7F4A051EDD403A4EEA237FCE5E380808A019B452E38A942F66C60C97D4D54AD1,12283,
DIFFERENT_RELATIVE_PATH,config\config.yaml,AE00D0215C1B8356AACDA839655EA2FD7F18BF58C058A32D9DFCCD78189D7A50,3415,2026-07-23T03:30:56.3933464Z,config\config.yaml,F8BE253007B3B0523376AA4D2056EBB989537646B22A7EC6AAE651BCC81E40C3,3399,
IDENTICAL_RELATIVE_PATH,config\execution_costs.yaml,126FB05D1CD1CD0E870AA44A40412FF26F5320D04D249B72C0DAD88DA7BC1975,1349,2026-07-23T00:23:54.4435941Z,config\execution_costs.yaml,126FB05D1CD1CD0E870AA44A40412FF26F5320D04D249B72C0DAD88DA7BC1975,1349,config\execution_costs.yaml
IDENTICAL_RELATIVE_PATH,config\flow_strategy_evaluation.yaml,28980B94398B01F85E2E76AB0DBE56384EAFF9AA045C3BD9B3950D3EB4D30AF9,986,2026-07-23T00:53:31.7787828Z,config\flow_strategy_evaluation.yaml,28980B94398B01F85E2E76AB0DBE56384EAFF9AA045C3BD9B3950D3EB4D30AF9,986,config\flow_strategy_evaluation.yaml
IDENTICAL_RELATIVE_PATH,config\profiles\binance.yaml,12856675B4A4C120B99BC3EFFE989D5E70E5B9344DF0ACEDB88A76A42A99701F,1581,2026-07-08T12:46:52.0000000Z,config\profiles\binance.yaml,12856675B4A4C120B99BC3EFFE989D5E70E5B9344DF0ACEDB88A76A42A99701F,1581,config\profiles\binance.yaml
IDENTICAL_RELATIVE_PATH,conftest.py,18D970633BC9ED1CD4AAF810E486D6894AEF4E082BC0ED050A5EDDB3CE016CB4,182,2026-07-07T15:46:08.0000000Z,conftest.py,18D970633BC9ED1CD4AAF810E486D6894AEF4E082BC0ED050A5EDDB3CE016CB4,182,conftest.py
DIFFERENT_RELATIVE_PATH,docker-compose.yml,A4FF046A27B6C1DB740F1238A03DC5060896E1FDFD58A1CF9A13608A0F3B9A84,546,2026-07-23T03:30:56.3994758Z,docker-compose.yml,13B49513BAFC80CBD54A19E325FF9633DA39A0AC30094AF966E8B9E59293D140,602,
DIFFERENT_RELATIVE_PATH,Dockerfile,0862CB682ED9A41ED4C7A3CF292AC143ADCFCAC3F2EC08426DF37DF3F28CA66A,193,2026-07-23T01:40:01.4808350Z,Dockerfile,E0E4A8B2F984C34AD82F94CC14F87AECF23D3CEEAAD37F851281FC02780E0E0C,193,
IDENTICAL_RELATIVE_PATH,HANDOFF.md,096AF4DA83D8A8685940F0F5BF7C0BBC8608D3ECA9570B2769CF15B47560E9C0,1066,2026-07-18T22:13:35.9657363Z,HANDOFF.md,096AF4DA83D8A8685940F0F5BF7C0BBC8608D3ECA9570B2769CF15B47560E9C0,1066,HANDOFF.md
THIRTY_M_ONLY,ISOLATION_POLICY.md,70CD71C9AE15CBF20EC5C63F2C4B4CB554CA308F64682E392292ABA6080298F4,56748,2026-07-23T05:52:14.2173628Z,,,,
DIFFERENT_RELATIVE_PATH,LATENCY_OBSERVER.md,EEA86F418D4AD1CDAD17D81452CE029C663E9BBC68F79A9673B1C83814060F92,5471,2026-07-23T03:37:41.1610055Z,LATENCY_OBSERVER.md,6DCE5B3D469E28842793338E32029E34250886C3FDE95211B62C95D5DC1A57A7,5427,
THIRTY_M_ONLY,mt5\HFMQuoteObserver30M.mq5,4302D704280C74F1F3263D71F76C5790BE5CB4E55E7A9CAD63900829E317DD3C,1894,2026-07-23T03:36:13.4004722Z,,,,
THIRTY_M_ONLY,PRODUCT_SCOPE.md,F9A08A27976728CDD125015A95985716FF504FC37A3A9538D9C4F4A8B619BBD7,1370,2026-07-23T03:30:56.4013874Z,,,,
DIFFERENT_RELATIVE_PATH,README.md,0A1ABA4C76C9A9CC01BBCA8A67F5A9752D1CCBECD9E3DCF977DED3807904100C,5142,2026-07-23T03:35:41.0567481Z,README.md,AFFDAD909A8DDCE8E7CF41BCB92983EFB5B715C4971383D7853BE98BB5376441,4334,
IDENTICAL_RELATIVE_PATH,requirements.txt,D97B05378476E478FAD17F82392ABEC1412C234272480EA8A1724765232EE1D8,905,2026-07-23T00:31:10.6859905Z,requirements.txt,D97B05378476E478FAD17F82392ABEC1412C234272480EA8A1724765232EE1D8,905,requirements.txt
IDENTICAL_RELATIVE_PATH,src\__init__.py,6B4D01A0AFA6EFA42085A79572EF381C902FFC016C9A3D8EA6F618CE90DE1E36,52,2026-07-07T15:45:34.0000000Z,src\__init__.py,6B4D01A0AFA6EFA42085A79572EF381C902FFC016C9A3D8EA6F618CE90DE1E36,52,src\__init__.py
IDENTICAL_RELATIVE_PATH,src\acquisition\__init__.py,A3D0106C42035EC624816B3D7B73BCF54408CFCC81D278F664A73F17D41E31AA,235,2026-07-07T20:30:42.0000000Z,src\acquisition\__init__.py,A3D0106C42035EC624816B3D7B73BCF54408CFCC81D278F664A73F17D41E31AA,235,src\acquisition\__init__.py
IDENTICAL_RELATIVE_PATH,src\acquisition\binance_rest.py,AB01E95261700DDCF79BA455645C42ADCD424B53DFD1BDF6EC03C1907B8CE639,5442,2026-07-19T01:29:08.9039163Z,src\acquisition\binance_rest.py,AB01E95261700DDCF79BA455645C42ADCD424B53DFD1BDF6EC03C1907B8CE639,5442,src\acquisition\binance_rest.py
IDENTICAL_RELATIVE_PATH,src\acquisition\binance_ws.py,ECB654DBFA728439C2AF043BDE01B4B7B9E32BB2DD6ACBD8A23AF30E7B0A55C4,7158,2026-07-08T14:04:36.0000000Z,src\acquisition\binance_ws.py,ECB654DBFA728439C2AF043BDE01B4B7B9E32BB2DD6ACBD8A23AF30E7B0A55C4,7158,src\acquisition\binance_ws.py
IDENTICAL_RELATIVE_PATH,src\acquisition\connector.py,458C902F622DE0791F1C25FD3C23E87C36062DCF1A893BFAF2A6EA0FE068B78F,7013,2026-07-07T20:29:18.0000000Z,src\acquisition\connector.py,458C902F622DE0791F1C25FD3C23E87C36062DCF1A893BFAF2A6EA0FE068B78F,7013,src\acquisition\connector.py
IDENTICAL_RELATIVE_PATH,src\acquisition\event_queue.py,B30B53501E579D19949326C860AA8C989F395FD53FA16C3195F8B9C08A849B3D,2319,2026-07-07T20:28:44.0000000Z,src\acquisition\event_queue.py,B30B53501E579D19949326C860AA8C989F395FD53FA16C3195F8B9C08A849B3D,2319,src\acquisition\event_queue.py
IDENTICAL_RELATIVE_PATH,src\acquisition\receiver.py,CF757019F0DC9FE0D00F332131EB2527980611137D931E27AFF3A6DDCE27F02B,3524,2026-07-07T20:29:38.0000000Z,src\acquisition\receiver.py,CF757019F0DC9FE0D00F332131EB2527980611137D931E27AFF3A6DDCE27F02B,3524,src\acquisition\receiver.py
IDENTICAL_RELATIVE_PATH,src\acquisition\replay.py,E069634F1AC572E6DDB5570D447D8C7FD4DCE346DF011AF32679D9DA7208EBE2,2304,2026-07-07T20:29:52.0000000Z,src\acquisition\replay.py,E069634F1AC572E6DDB5570D447D8C7FD4DCE346DF011AF32679D9DA7208EBE2,2304,src\acquisition\replay.py
IDENTICAL_RELATIVE_PATH,src\ai\__init__.py,6AF4E20C0E9389681793115FD25FCA1C2C8F744DBBC0EBE5EC17E043ADA5F7DE,58,2026-07-07T15:45:42.0000000Z,src\ai\__init__.py,6AF4E20C0E9389681793115FD25FCA1C2C8F744DBBC0EBE5EC17E043ADA5F7DE,58,src\ai\__init__.py
IDENTICAL_RELATIVE_PATH,src\ai\analysis.py,0EE29383ADC95F7D9AACDDA3B67AE6FBBD163FE1ADFAE8CEB96867CDB696F29A,2191,2026-07-20T21:28:54.0788159Z,src\ai\analysis.py,0EE29383ADC95F7D9AACDDA3B67AE6FBBD163FE1ADFAE8CEB96867CDB696F29A,2191,src\ai\analysis.py
DIFFERENT_RELATIVE_PATH,src\config.py,C8B9FCFC56DA5C51D44FF7A4D0E0956E2F69E270A05A85CFEDF2D894DC0D7DA2,18006,2026-07-23T03:30:56.3948192Z,src\config.py,FD0052B2B7DB208078A739A4C72FB5E3F922EDE9D5A143FB4441C644A5603074,17380,
IDENTICAL_RELATIVE_PATH,src\database\__init__.py,C579B35FE8495BB4F591E135A224182159E3975E78B1B98215494D9385C98C52,203,2026-07-07T20:37:38.0000000Z,src\database\__init__.py,C579B35FE8495BB4F591E135A224182159E3975E78B1B98215494D9385C98C52,203,src\database\__init__.py
IDENTICAL_RELATIVE_PATH,src\database\schema.py,D668E16A525B5D01C9EE446C550A12AEFA7A1369F14A6416339BD443E9C4D238,9075,2026-07-22T08:35:40.4138333Z,src\database\schema.py,D668E16A525B5D01C9EE446C550A12AEFA7A1369F14A6416339BD443E9C4D238,9075,src\database\schema.py
IDENTICAL_RELATIVE_PATH,src\database\storage.py,C32D5FC2096FE1AB5E148D4F48186A62BB92D300EE511EDFE1A47E547C6A0F0D,21909,2026-07-22T21:52:34.0778868Z,src\database\storage.py,C32D5FC2096FE1AB5E148D4F48186A62BB92D300EE511EDFE1A47E547C6A0F0D,21909,src\database\storage.py
IDENTICAL_RELATIVE_PATH,src\latency_observer\__init__.py,C603232F47ECE9668F188DBAEB68B07DB217DC7CB5FBF1F23D0C19628AADD559,171,2026-07-22T14:56:07.4498845Z,src\latency_observer\__init__.py,C603232F47ECE9668F188DBAEB68B07DB217DC7CB5FBF1F23D0C19628AADD559,171,src\latency_observer\__init__.py
IDENTICAL_RELATIVE_PATH,src\latency_observer\analysis.py,182ED671CA01F5241F05B62E2997478B07731B7DCE1E15793C3B9FEC7CEE3DDF,17872,2026-07-22T23:03:36.7760932Z,src\latency_observer\analysis.py,182ED671CA01F5241F05B62E2997478B07731B7DCE1E15793C3B9FEC7CEE3DDF,17872,src\latency_observer\analysis.py
IDENTICAL_RELATIVE_PATH,src\monitor\__init__.py,E3B0C44298FC1C149AFBF4C8996FB92427AE41E4649B934CA495991B7852B855,0,2026-07-18T07:28:00.0400000Z,src\monitor\__init__.py,E3B0C44298FC1C149AFBF4C8996FB92427AE41E4649B934CA495991B7852B855,0,src\monitor\__init__.py;temp\live_verify_btcusdt.jsonl;tests\__init__.py;tests\acquisition\__init__.py;tests\ai\__init__.py;tests\database\__init__.py;tests\latency_observer\__init__.py;tests\monitor\__init__.py;tests\mt5\__init__.py;tests\normalization\__init__.py;tests\orderflow\__init__.py;tests\signal\__init__.py;tests\tools\__init__.py;tests\webapp\__init__.py;webapp\__init__.py
DIFFERENT_RELATIVE_PATH,src\monitor\health.py,24973EAA276064DE3A7E0582FF9C8A6273BF92EDB0805BC4F360236CA5185179,14261,2026-07-23T03:37:16.6544963Z,src\monitor\health.py,B3D9549B77DF301EBCB49B3D7A56FEE653C96638AD1D4C79842AE66A5751D73B,14212,
IDENTICAL_RELATIVE_PATH,src\mt5\__init__.py,C7DBB49BE0FAEEA27D4A3F830ACB843AE2185CDEA66FEB36765B5307E97708F7,58,2026-07-07T15:45:42.0000000Z,src\mt5\__init__.py,C7DBB49BE0FAEEA27D4A3F830ACB843AE2185CDEA66FEB36765B5307E97708F7,58,src\mt5\__init__.py
DIFFERENT_RELATIVE_PATH,src\mt5\adapter.py,53C983AE43A05F0A27555DD47390CB1C066B4D8827BF1066AA0B16BCB0C858D5,9255,2026-07-23T02:59:12.1726374Z,src\mt5\adapter.py,9E2969CEDE4163567DEA2674AC165A6C1BE49B965397330574566C9FDE673CA9,9255,
IDENTICAL_RELATIVE_PATH,src\normalization\__init__.py,0F7F8AE92D9FBCF482B8CAA29C24D6B58C94FC27B9EEA11F5B49B5B3934298E1,48,2026-07-07T15:45:42.0000000Z,src\normalization\__init__.py,0F7F8AE92D9FBCF482B8CAA29C24D6B58C94FC27B9EEA11F5B49B5B3934298E1,48,src\normalization\__init__.py
IDENTICAL_RELATIVE_PATH,src\normalization\normalizer.py,FB8746F8E3E943477BBB79707CE0EE45EE695610E419C3C3E8B18B45B1109D2A,24129,2026-07-21T09:26:11.8541727Z,src\normalization\normalizer.py,FB8746F8E3E943477BBB79707CE0EE45EE695610E419C3C3E8B18B45B1109D2A,24129,src\normalization\normalizer.py
IDENTICAL_RELATIVE_PATH,src\orderflow\__init__.py,1B2E17A2722F79E90E70E8F8BAD9F50178296B78641AA9F200DC5672BB585EE5,58,2026-07-07T15:45:42.0000000Z,src\orderflow\__init__.py,1B2E17A2722F79E90E70E8F8BAD9F50178296B78641AA9F200DC5672BB585EE5,58,src\orderflow\__init__.py
IDENTICAL_RELATIVE_PATH,src\orderflow\absorption.py,A07E7EE44545A71E1BAEE087B3816F4242CC7F630C9C3164846F58E03CBD5D6F,8514,2026-07-20T20:50:10.5365625Z,src\orderflow\absorption.py,A07E7EE44545A71E1BAEE087B3816F4242CC7F630C9C3164846F58E03CBD5D6F,8514,src\orderflow\absorption.py
IDENTICAL_RELATIVE_PATH,src\orderflow\cvd.py,B8C655A8A38D4FDD01E18B9FD029060725767D9CAF2C70EF070FB3D62BDA99B9,11512,2026-07-18T07:27:59.9552916Z,src\orderflow\cvd.py,B8C655A8A38D4FDD01E18B9FD029060725767D9CAF2C70EF070FB3D62BDA99B9,11512,src\orderflow\cvd.py
IDENTICAL_RELATIVE_PATH,src\orderflow\divergence.py,4A0D0061502AEC32C9A35B6E80A494DCD6BFE792A8DF44C53BDA6C2FD712A9C3,6602,2026-07-19T00:50:32.6193750Z,src\orderflow\divergence.py,4A0D0061502AEC32C9A35B6E80A494DCD6BFE792A8DF44C53BDA6C2FD712A9C3,6602,src\orderflow\divergence.py
IDENTICAL_RELATIVE_PATH,src\orderflow\flow_detector.py,A9BD7DB7EFB9275866218B459C6A385C27F42F4BC4B55F938F371F0DB82E8292,11220,2026-07-16T11:28:12.0000000Z,src\orderflow\flow_detector.py,A9BD7DB7EFB9275866218B459C6A385C27F42F4BC4B55F938F371F0DB82E8292,11220,src\orderflow\flow_detector.py
IDENTICAL_RELATIVE_PATH,src\orderflow\flow_price_response.py,C886228234D7F295ED62A672B3C9E4D812B560EBA1F21BC8728BA8A7AACA5B96,17503,2026-07-21T09:26:34.1925904Z,src\orderflow\flow_price_response.py,C886228234D7F295ED62A672B3C9E4D812B560EBA1F21BC8728BA8A7AACA5B96,17503,src\orderflow\flow_price_response.py
IDENTICAL_RELATIVE_PATH,src\orderflow\footprint.py,B925C6EF3FFB069F2EF379AA4659FA091E1CFF0E649FCA7C783603EEC90F671D,6974,2026-07-07T22:13:04.0000000Z,src\orderflow\footprint.py,B925C6EF3FFB069F2EF379AA4659FA091E1CFF0E649FCA7C783603EEC90F671D,6974,src\orderflow\footprint.py
IDENTICAL_RELATIVE_PATH,src\orderflow\imbalance.py,2F92F0EF576AF3704EC6C178B6310F72C0D9078CF609786C4A4D4C7177F30DCC,9757,2026-07-20T20:14:49.0205904Z,src\orderflow\imbalance.py,2F92F0EF576AF3704EC6C178B6310F72C0D9078CF609786C4A4D4C7177F30DCC,9757,src\orderflow\imbalance.py
IDENTICAL_RELATIVE_PATH,src\orderflow\multi_timeframe.py,69F26A6098DF3A3380C4E12660808D02513746EAA9EB7E5D7F3F6E41600FB4AE,1956,2026-07-18T20:35:14.3509094Z,src\orderflow\multi_timeframe.py,69F26A6098DF3A3380C4E12660808D02513746EAA9EB7E5D7F3F6E41600FB4AE,1956,src\orderflow\multi_timeframe.py
IDENTICAL_RELATIVE_PATH,src\orderflow\orderbook.py,803C988A842F1CF2B23DAB520D8ACBA2930B08CD91BEA45C03C8FB04204D435C,9762,2026-07-19T03:26:41.0562109Z,src\orderflow\orderbook.py,803C988A842F1CF2B23DAB520D8ACBA2930B08CD91BEA45C03C8FB04204D435C,9762,src\orderflow\orderbook.py
IDENTICAL_RELATIVE_PATH,src\orderflow\signal.py,E34F73FFEDE3D2439DBCE5F81D8D11105BA1AF0F9DC786A3D75F8837A2CC554C,1944,2026-07-20T21:28:33.2769201Z,src\orderflow\signal.py,E34F73FFEDE3D2439DBCE5F81D8D11105BA1AF0F9DC786A3D75F8837A2CC554C,1944,src\orderflow\signal.py
IDENTICAL_RELATIVE_PATH,src\orderflow\volume_ref.py,0A9651F24A2AC8BC18B4C9600EC41A97CF612601624C74EA703B67D0D26A8C32,2484,2026-07-08T05:03:22.0000000Z,src\orderflow\volume_ref.py,0A9651F24A2AC8BC18B4C9600EC41A97CF612601624C74EA703B67D0D26A8C32,2484,src\orderflow\volume_ref.py
DIFFERENT_RELATIVE_PATH,src\pipeline.py,BEF83EE84594291B077B1BEE249C11834B55CF58E610FF281323444495B7F208,62526,2026-07-23T02:59:12.1706373Z,src\pipeline.py,94989FE92528AA49CBE7378F36A35825CD75F72177CAEE7A59775357F98B068B,62526,
THIRTY_M_ONLY,src\product_identity.py,5CE1C580E4C8F2233E49001943F61831B608897278D6709D5DEA8203CEE5AA08,1470,2026-07-23T03:30:56.3899925Z,,,,
IDENTICAL_RELATIVE_PATH,src\signal\__init__.py,3F0457D58CAAE13904E2C48AFB349CE4D56A6327530295ED17CD4D28E00E1B45,60,2026-07-07T15:45:42.0000000Z,src\signal\__init__.py,3F0457D58CAAE13904E2C48AFB349CE4D56A6327530295ED17CD4D28E00E1B45,60,src\signal\__init__.py
DIFFERENT_RELATIVE_PATH,STRATEGY_EVALUATION.md,CBC8BE7B628CC39428B796DCB108A416E9A63EA65CD81FE8E4E9AA78235E70A4,2022,2026-07-23T03:35:41.0567481Z,STRATEGY_EVALUATION.md,389BBE9360A9CFB01FE8773FC4A9DD000DDB952677453CEF3BD23E0E08C19CDC,1741,
THIRTY_M_ONLY,STRATEGY_SPEC_V0_1.md,B8A5213FBCCF6B8156BF1CB632F21ED783C7077094C9E49045EB604F57E70B3E,21022,2026-07-23T03:19:25.5852131Z,,,,
IDENTICAL_RELATIVE_PATH,tests\__init__.py,E3B0C44298FC1C149AFBF4C8996FB92427AE41E4649B934CA495991B7852B855,0,2026-07-07T15:45:42.0000000Z,tests\__init__.py,E3B0C44298FC1C149AFBF4C8996FB92427AE41E4649B934CA495991B7852B855,0,src\monitor\__init__.py;temp\live_verify_btcusdt.jsonl;tests\__init__.py;tests\acquisition\__init__.py;tests\ai\__init__.py;tests\database\__init__.py;tests\latency_observer\__init__.py;tests\monitor\__init__.py;tests\mt5\__init__.py;tests\normalization\__init__.py;tests\orderflow\__init__.py;tests\signal\__init__.py;tests\tools\__init__.py;tests\webapp\__init__.py;webapp\__init__.py
IDENTICAL_RELATIVE_PATH,tests\acquisition\__init__.py,E3B0C44298FC1C149AFBF4C8996FB92427AE41E4649B934CA495991B7852B855,0,2026-07-07T15:45:42.0000000Z,tests\acquisition\__init__.py,E3B0C44298FC1C149AFBF4C8996FB92427AE41E4649B934CA495991B7852B855,0,src\monitor\__init__.py;temp\live_verify_btcusdt.jsonl;tests\__init__.py;tests\acquisition\__init__.py;tests\ai\__init__.py;tests\database\__init__.py;tests\latency_observer\__init__.py;tests\monitor\__init__.py;tests\mt5\__init__.py;tests\normalization\__init__.py;tests\orderflow\__init__.py;tests\signal\__init__.py;tests\tools\__init__.py;tests\webapp\__init__.py;webapp\__init__.py
IDENTICAL_RELATIVE_PATH,tests\acquisition\test_acquisition.py,A1A09924CFD0B0F2CC597ABD72A8FFF472F00766A85B15B9974826109BDFC1DE,8076,2026-07-07T20:31:18.0000000Z,tests\acquisition\test_acquisition.py,A1A09924CFD0B0F2CC597ABD72A8FFF472F00766A85B15B9974826109BDFC1DE,8076,tests\acquisition\test_acquisition.py
IDENTICAL_RELATIVE_PATH,tests\acquisition\test_binance_rest.py,D11DF2EFBD04A7B0D246705345704EB35EFC0E83FF968A29A6A76BADE44DB4E0,11118,2026-07-19T01:29:22.7544521Z,tests\acquisition\test_binance_rest.py,D11DF2EFBD04A7B0D246705345704EB35EFC0E83FF968A29A6A76BADE44DB4E0,11118,tests\acquisition\test_binance_rest.py
IDENTICAL_RELATIVE_PATH,tests\acquisition\test_binance_ws.py,23576AF754576DFFDA22CC04321DF745B0FEDD7CCC2E00EFDAF76DDEA27B1630,6830,2026-07-08T10:11:14.0000000Z,tests\acquisition\test_binance_ws.py,23576AF754576DFFDA22CC04321DF745B0FEDD7CCC2E00EFDAF76DDEA27B1630,6830,tests\acquisition\test_binance_ws.py
IDENTICAL_RELATIVE_PATH,tests\ai\__init__.py,E3B0C44298FC1C149AFBF4C8996FB92427AE41E4649B934CA495991B7852B855,0,2026-07-07T15:45:42.0000000Z,tests\ai\__init__.py,E3B0C44298FC1C149AFBF4C8996FB92427AE41E4649B934CA495991B7852B855,0,src\monitor\__init__.py;temp\live_verify_btcusdt.jsonl;tests\__init__.py;tests\acquisition\__init__.py;tests\ai\__init__.py;tests\database\__init__.py;tests\latency_observer\__init__.py;tests\monitor\__init__.py;tests\mt5\__init__.py;tests\normalization\__init__.py;tests\orderflow\__init__.py;tests\signal\__init__.py;tests\tools\__init__.py;tests\webapp\__init__.py;webapp\__init__.py
IDENTICAL_RELATIVE_PATH,tests\database\__init__.py,E3B0C44298FC1C149AFBF4C8996FB92427AE41E4649B934CA495991B7852B855,0,2026-07-07T15:45:42.0000000Z,tests\database\__init__.py,E3B0C44298FC1C149AFBF4C8996FB92427AE41E4649B934CA495991B7852B855,0,src\monitor\__init__.py;temp\live_verify_btcusdt.jsonl;tests\__init__.py;tests\acquisition\__init__.py;tests\ai\__init__.py;tests\database\__init__.py;tests\latency_observer\__init__.py;tests\monitor\__init__.py;tests\mt5\__init__.py;tests\normalization\__init__.py;tests\orderflow\__init__.py;tests\signal\__init__.py;tests\tools\__init__.py;tests\webapp\__init__.py;webapp\__init__.py
IDENTICAL_RELATIVE_PATH,tests\database\test_background_storage.py,C983DC88B7348FE50645633B1427D1331D86DC8C89F1AF83C46012BAB6FC95A0,1225,2026-07-22T21:56:27.1302049Z,tests\database\test_background_storage.py,C983DC88B7348FE50645633B1427D1331D86DC8C89F1AF83C46012BAB6FC95A0,1225,tests\database\test_background_storage.py
IDENTICAL_RELATIVE_PATH,tests\database\test_open_interest_storage.py,7DD57B9EA7E91E7743B722AB1019C8CD579195D28140A9D7A73AE95F97CEA6B5,2987,2026-07-22T08:59:35.2542051Z,tests\database\test_open_interest_storage.py,7DD57B9EA7E91E7743B722AB1019C8CD579195D28140A9D7A73AE95F97CEA6B5,2987,tests\database\test_open_interest_storage.py
IDENTICAL_RELATIVE_PATH,tests\database\test_storage.py,A00332ECD38594D78C99C407C8E2196E31522C6DEBE1F0F92B41703AA26FD44A,10276,2026-07-21T06:54:14.9718156Z,tests\database\test_storage.py,A00332ECD38594D78C99C407C8E2196E31522C6DEBE1F0F92B41703AA26FD44A,10276,tests\database\test_storage.py
IDENTICAL_RELATIVE_PATH,tests\latency_observer\__init__.py,E3B0C44298FC1C149AFBF4C8996FB92427AE41E4649B934CA495991B7852B855,0,2026-07-22T14:56:07.4600000Z,tests\latency_observer\__init__.py,E3B0C44298FC1C149AFBF4C8996FB92427AE41E4649B934CA495991B7852B855,0,src\monitor\__init__.py;temp\live_verify_btcusdt.jsonl;tests\__init__.py;tests\acquisition\__init__.py;tests\ai\__init__.py;tests\database\__init__.py;tests\latency_observer\__init__.py;tests\monitor\__init__.py;tests\mt5\__init__.py;tests\normalization\__init__.py;tests\orderflow\__init__.py;tests\signal\__init__.py;tests\tools\__init__.py;tests\webapp\__init__.py;webapp\__init__.py
IDENTICAL_RELATIVE_PATH,tests\latency_observer\test_analysis.py,9771220BD7F159782BC0BF038F6259D3AA3C3A5CD12DFFADFE853055B038D876,4554,2026-07-22T23:04:24.3652382Z,tests\latency_observer\test_analysis.py,9771220BD7F159782BC0BF038F6259D3AA3C3A5CD12DFFADFE853055B038D876,4554,tests\latency_observer\test_analysis.py
IDENTICAL_RELATIVE_PATH,tests\monitor\__init__.py,E3B0C44298FC1C149AFBF4C8996FB92427AE41E4649B934CA495991B7852B855,0,2026-07-18T07:28:00.0650000Z,tests\monitor\__init__.py,E3B0C44298FC1C149AFBF4C8996FB92427AE41E4649B934CA495991B7852B855,0,src\monitor\__init__.py;temp\live_verify_btcusdt.jsonl;tests\__init__.py;tests\acquisition\__init__.py;tests\ai\__init__.py;tests\database\__init__.py;tests\latency_observer\__init__.py;tests\monitor\__init__.py;tests\mt5\__init__.py;tests\normalization\__init__.py;tests\orderflow\__init__.py;tests\signal\__init__.py;tests\tools\__init__.py;tests\webapp\__init__.py;webapp\__init__.py
IDENTICAL_RELATIVE_PATH,tests\monitor\test_health.py,CF16162399077AA4B5A5E5BA174CE92DA6DD498F12CA4DEF7E98FD1A01A6C5AD,7727,2026-07-22T14:29:20.9729885Z,tests\monitor\test_health.py,CF16162399077AA4B5A5E5BA174CE92DA6DD498F12CA4DEF7E98FD1A01A6C5AD,7727,tests\monitor\test_health.py
IDENTICAL_RELATIVE_PATH,tests\mt5\__init__.py,E3B0C44298FC1C149AFBF4C8996FB92427AE41E4649B934CA495991B7852B855,0,2026-07-07T15:45:42.0000000Z,tests\mt5\__init__.py,E3B0C44298FC1C149AFBF4C8996FB92427AE41E4649B934CA495991B7852B855,0,src\monitor\__init__.py;temp\live_verify_btcusdt.jsonl;tests\__init__.py;tests\acquisition\__init__.py;tests\ai\__init__.py;tests\database\__init__.py;tests\latency_observer\__init__.py;tests\monitor\__init__.py;tests\mt5\__init__.py;tests\normalization\__init__.py;tests\orderflow\__init__.py;tests\signal\__init__.py;tests\tools\__init__.py;tests\webapp\__init__.py;webapp\__init__.py
IDENTICAL_RELATIVE_PATH,tests\mt5\test_adapter.py,ACA7ED28E19A78408EC08CBC5819A20602881FAECF0DD1AC408E4795FF2AF64E,4966,2026-07-08T09:00:04.0000000Z,tests\mt5\test_adapter.py,ACA7ED28E19A78408EC08CBC5819A20602881FAECF0DD1AC408E4795FF2AF64E,4966,tests\mt5\test_adapter.py
IDENTICAL_RELATIVE_PATH,tests\normalization\__init__.py,E3B0C44298FC1C149AFBF4C8996FB92427AE41E4649B934CA495991B7852B855,0,2026-07-07T15:45:42.0000000Z,tests\normalization\__init__.py,E3B0C44298FC1C149AFBF4C8996FB92427AE41E4649B934CA495991B7852B855,0,src\monitor\__init__.py;temp\live_verify_btcusdt.jsonl;tests\__init__.py;tests\acquisition\__init__.py;tests\ai\__init__.py;tests\database\__init__.py;tests\latency_observer\__init__.py;tests\monitor\__init__.py;tests\mt5\__init__.py;tests\normalization\__init__.py;tests\orderflow\__init__.py;tests\signal\__init__.py;tests\tools\__init__.py;tests\webapp\__init__.py;webapp\__init__.py
IDENTICAL_RELATIVE_PATH,tests\normalization\test_normalizer_depth.py,91D940DCBCFE0937F1079654CBB404593DFB49CBE0A6B7A116B5B357D07E09A3,7527,2026-07-08T00:09:14.0000000Z,tests\normalization\test_normalizer_depth.py,91D940DCBCFE0937F1079654CBB404593DFB49CBE0A6B7A116B5B357D07E09A3,7527,tests\normalization\test_normalizer_depth.py
IDENTICAL_RELATIVE_PATH,tests\normalization\test_normalizer_liquidation.py,DC8EC216397A7749F055BEB7D4C78530B2BE0AFE6A2AE045764B5FB826452A3F,4139,2026-07-08T14:20:40.0000000Z,tests\normalization\test_normalizer_liquidation.py,DC8EC216397A7749F055BEB7D4C78530B2BE0AFE6A2AE045764B5FB826452A3F,4139,tests\normalization\test_normalizer_liquidation.py
IDENTICAL_RELATIVE_PATH,tests\normalization\test_normalizer.py,146009AD6D7D0C54588E1BD648731B4F06C98B75F9A2CF16EDF10D0ACF04EE82,7226,2026-07-21T09:26:49.6192070Z,tests\normalization\test_normalizer.py,146009AD6D7D0C54588E1BD648731B4F06C98B75F9A2CF16EDF10D0ACF04EE82,7226,tests\normalization\test_normalizer.py
IDENTICAL_RELATIVE_PATH,tests\orderflow\__init__.py,E3B0C44298FC1C149AFBF4C8996FB92427AE41E4649B934CA495991B7852B855,0,2026-07-07T15:45:42.0000000Z,tests\orderflow\__init__.py,E3B0C44298FC1C149AFBF4C8996FB92427AE41E4649B934CA495991B7852B855,0,src\monitor\__init__.py;temp\live_verify_btcusdt.jsonl;tests\__init__.py;tests\acquisition\__init__.py;tests\ai\__init__.py;tests\database\__init__.py;tests\latency_observer\__init__.py;tests\monitor\__init__.py;tests\mt5\__init__.py;tests\normalization\__init__.py;tests\orderflow\__init__.py;tests\signal\__init__.py;tests\tools\__init__.py;tests\webapp\__init__.py;webapp\__init__.py
IDENTICAL_RELATIVE_PATH,tests\orderflow\test_absorption.py,6CCAA10B686DCFF6A9109E4D2D8D687F7C639249367ADEF1751C05E61C9D5EBA,14066,2026-07-20T20:53:12.1993714Z,tests\orderflow\test_absorption.py,6CCAA10B686DCFF6A9109E4D2D8D687F7C639249367ADEF1751C05E61C9D5EBA,14066,tests\orderflow\test_absorption.py
IDENTICAL_RELATIVE_PATH,tests\orderflow\test_cvd_snapshot.py,79F9FCE48DCF51744D0CDD5E57749CB90571279294E41355E27E187306735C0B,1831,2026-07-18T07:28:00.0720930Z,tests\orderflow\test_cvd_snapshot.py,79F9FCE48DCF51744D0CDD5E57749CB90571279294E41355E27E187306735C0B,1831,tests\orderflow\test_cvd_snapshot.py
IDENTICAL_RELATIVE_PATH,tests\orderflow\test_cvd.py,4DF2F9A622F28ED8049D82252C4DF3CD8C5086288A9BD722FA4AC96D0C445562,5522,2026-07-07T17:20:08.0000000Z,tests\orderflow\test_cvd.py,4DF2F9A622F28ED8049D82252C4DF3CD8C5086288A9BD722FA4AC96D0C445562,5522,tests\orderflow\test_cvd.py
IDENTICAL_RELATIVE_PATH,tests\orderflow\test_divergence.py,766F692714287D69B429EF090DD884ECD5A758C26DCB15430F3F2F4A9CBCA279,6264,2026-07-19T00:49:16.3735765Z,tests\orderflow\test_divergence.py,766F692714287D69B429EF090DD884ECD5A758C26DCB15430F3F2F4A9CBCA279,6264,tests\orderflow\test_divergence.py
IDENTICAL_RELATIVE_PATH,tests\orderflow\test_flow_detector.py,D507F3C8DE44130A5C1B541AE72BA7512C07429A44326CA339211E0FEF6968F2,8614,2026-07-16T11:27:14.0000000Z,tests\orderflow\test_flow_detector.py,D507F3C8DE44130A5C1B541AE72BA7512C07429A44326CA339211E0FEF6968F2,8614,tests\orderflow\test_flow_detector.py
IDENTICAL_RELATIVE_PATH,tests\orderflow\test_flow_price_response.py,7CB7062CDDCD16D291F6D05B072935EC03C6BBAA70B2E853C0A55C687EE2B7F9,7328,2026-07-21T09:27:09.3418024Z,tests\orderflow\test_flow_price_response.py,7CB7062CDDCD16D291F6D05B072935EC03C6BBAA70B2E853C0A55C687EE2B7F9,7328,tests\orderflow\test_flow_price_response.py
IDENTICAL_RELATIVE_PATH,tests\orderflow\test_footprint.py,F5D59BB1478ECCE6B751A419ED67D5A31B22CE3ADCA64550023CF99221440659,6094,2026-07-07T22:13:32.0000000Z,tests\orderflow\test_footprint.py,F5D59BB1478ECCE6B751A419ED67D5A31B22CE3ADCA64550023CF99221440659,6094,tests\orderflow\test_footprint.py
IDENTICAL_RELATIVE_PATH,tests\orderflow\test_imbalance.py,3314B8EDF12294B22DA0379BB9884B3BAFF351115AA3ACC77B8E8EEADE61CFB6,9071,2026-07-17T19:11:36.3797290Z,tests\orderflow\test_imbalance.py,3314B8EDF12294B22DA0379BB9884B3BAFF351115AA3ACC77B8E8EEADE61CFB6,9071,tests\orderflow\test_imbalance.py
IDENTICAL_RELATIVE_PATH,tests\orderflow\test_multi_timeframe.py,F1540B7445ADCEEB2DB5CDB9E1C4BDD047DF35C021D7FA5F5798F714FB582698,1261,2026-07-18T20:35:14.3661037Z,tests\orderflow\test_multi_timeframe.py,F1540B7445ADCEEB2DB5CDB9E1C4BDD047DF35C021D7FA5F5798F714FB582698,1261,tests\orderflow\test_multi_timeframe.py
IDENTICAL_RELATIVE_PATH,tests\orderflow\test_orderbook.py,421AA84713CAFF538CFF4BF997E6B4547D277B785A76BE7420A0EF88A6441C5A,8263,2026-07-19T03:27:35.4510025Z,tests\orderflow\test_orderbook.py,421AA84713CAFF538CFF4BF997E6B4547D277B785A76BE7420A0EF88A6441C5A,8263,tests\orderflow\test_orderbook.py
IDENTICAL_RELATIVE_PATH,tests\orderflow\test_volume_ref.py,31DA3B2591F3DA7A1E98631372B85E283C19DC9A0C7D093A087AE7526C37FD14,3254,2026-07-08T05:25:08.0000000Z,tests\orderflow\test_volume_ref.py,31DA3B2591F3DA7A1E98631372B85E283C19DC9A0C7D093A087AE7526C37FD14,3254,tests\orderflow\test_volume_ref.py
IDENTICAL_RELATIVE_PATH,tests\signal\__init__.py,E3B0C44298FC1C149AFBF4C8996FB92427AE41E4649B934CA495991B7852B855,0,2026-07-07T15:45:42.0000000Z,tests\signal\__init__.py,E3B0C44298FC1C149AFBF4C8996FB92427AE41E4649B934CA495991B7852B855,0,src\monitor\__init__.py;temp\live_verify_btcusdt.jsonl;tests\__init__.py;tests\acquisition\__init__.py;tests\ai\__init__.py;tests\database\__init__.py;tests\latency_observer\__init__.py;tests\monitor\__init__.py;tests\mt5\__init__.py;tests\normalization\__init__.py;tests\orderflow\__init__.py;tests\signal\__init__.py;tests\tools\__init__.py;tests\webapp\__init__.py;webapp\__init__.py
IDENTICAL_RELATIVE_PATH,tests\test_book_resync.py,272E23885B9B129CB0A25A8B641900A3F91B181DD7C55D7CBCC05F418A0DC477,6033,2026-07-22T14:19:49.6632479Z,tests\test_book_resync.py,272E23885B9B129CB0A25A8B641900A3F91B181DD7C55D7CBCC05F418A0DC477,6033,tests\test_book_resync.py
DIFFERENT_RELATIVE_PATH,tests\test_config.py,D2CE5D20DCF1B931A8485F17D2EC5B0815240D94D381FCAA9EC5B4B774CB8443,10714,2026-07-23T03:30:56.4061534Z,tests\test_config.py,7570522073160B9FDE132EDDE6F13FC20C69D1EABF533E6B287DFCB195838C04,10692,
IDENTICAL_RELATIVE_PATH,tests\test_live_pipeline.py,121E3E875A9D62845A8B1FFD77A32FBDB2B4540548CE27845F4479B4543A6716,14940,2026-07-21T09:27:37.6187036Z,tests\test_live_pipeline.py,121E3E875A9D62845A8B1FFD77A32FBDB2B4540548CE27845F4479B4543A6716,14940,tests\test_live_pipeline.py
IDENTICAL_RELATIVE_PATH,tests\test_pipeline_absorption.py,1192F0E9DA375FE2B523393E17B38297A0DF820B3A7DB04670E309420D275483,4055,2026-07-20T20:49:00.3848365Z,tests\test_pipeline_absorption.py,1192F0E9DA375FE2B523393E17B38297A0DF820B3A7DB04670E309420D275483,4055,tests\test_pipeline_absorption.py
IDENTICAL_RELATIVE_PATH,tests\test_pipeline.py,83CD78C768B05A9725BC77CA72EFB2BFFB78AD22EAE740806743CEB5896F19E4,9832,2026-07-20T18:05:40.3186077Z,tests\test_pipeline.py,83CD78C768B05A9725BC77CA72EFB2BFFB78AD22EAE740806743CEB5896F19E4,9832,tests\test_pipeline.py
THIRTY_M_ONLY,tests\test_product_identity.py,C0DD5055603503A6E28606D2E0A6BBA534749A2A868D259BE7961B092B816B6D,2145,2026-07-23T03:30:56.4072093Z,,,,
IDENTICAL_RELATIVE_PATH,tests\tools\__init__.py,E3B0C44298FC1C149AFBF4C8996FB92427AE41E4649B934CA495991B7852B855,0,2026-07-18T07:28:00.0860000Z,tests\tools\__init__.py,E3B0C44298FC1C149AFBF4C8996FB92427AE41E4649B934CA495991B7852B855,0,src\monitor\__init__.py;temp\live_verify_btcusdt.jsonl;tests\__init__.py;tests\acquisition\__init__.py;tests\ai\__init__.py;tests\database\__init__.py;tests\latency_observer\__init__.py;tests\monitor\__init__.py;tests\mt5\__init__.py;tests\normalization\__init__.py;tests\orderflow\__init__.py;tests\signal\__init__.py;tests\tools\__init__.py;tests\webapp\__init__.py;webapp\__init__.py
IDENTICAL_RELATIVE_PATH,tests\tools\test_calibrate_refs.py,71D39AD068FE1704871CBEF85485F4BC87026D3840E451797BA7E6219E0541C3,3441,2026-07-18T07:28:00.0938255Z,tests\tools\test_calibrate_refs.py,71D39AD068FE1704871CBEF85485F4BC87026D3840E451797BA7E6219E0541C3,3441,tests\tools\test_calibrate_refs.py
IDENTICAL_RELATIVE_PATH,tests\tools\test_evaluate_flow_strategies.py,61AE23079715E1E5598457B21507FEA9692CB17427CDBF1802943073D533F248,4462,2026-07-23T01:04:06.1516988Z,tests\tools\test_evaluate_flow_strategies.py,61AE23079715E1E5598457B21507FEA9692CB17427CDBF1802943073D533F248,4462,tests\tools\test_evaluate_flow_strategies.py
IDENTICAL_RELATIVE_PATH,tests\tools\test_measure_binance_to_ui.py,7C0D9656C29B009C5BAAFB5FFEAF66AA48ECBF771236DCB7532F392127ED045C,838,2026-07-22T22:04:28.6324089Z,tests\tools\test_measure_binance_to_ui.py,7C0D9656C29B009C5BAAFB5FFEAF66AA48ECBF771236DCB7532F392127ED045C,838,tests\tools\test_measure_binance_to_ui.py
IDENTICAL_RELATIVE_PATH,tests\tools\test_observe_execution_costs.py,678D67DA4EFFBE91E2ED278100D85DC29757DD131F27F4E48902C761C3293B1C,2478,2026-07-23T00:31:10.6870579Z,tests\tools\test_observe_execution_costs.py,678D67DA4EFFBE91E2ED278100D85DC29757DD131F27F4E48902C761C3293B1C,2478,tests\tools\test_observe_execution_costs.py
IDENTICAL_RELATIVE_PATH,tests\tools\test_observe_hfm_binance.py,815E432628DD69A82414B808CE7B8C8AE87456B2873E04F512A4F58F790DB96D,1603,2026-07-22T23:04:24.3669202Z,tests\tools\test_observe_hfm_binance.py,815E432628DD69A82414B808CE7B8C8AE87456B2873E04F512A4F58F790DB96D,1603,tests\tools\test_observe_hfm_binance.py
IDENTICAL_RELATIVE_PATH,tests\tools\test_report_execution_costs.py,DC39E0F877DF1FA2895C3C5F563093C1249EAFE428AED5AC5462ED03F9C6CC31,1699,2026-07-23T00:26:10.3217352Z,tests\tools\test_report_execution_costs.py,DC39E0F877DF1FA2895C3C5F563093C1249EAFE428AED5AC5462ED03F9C6CC31,1699,tests\tools\test_report_execution_costs.py
IDENTICAL_RELATIVE_PATH,tests\tools\test_update_spread_jumps.py,ACAC9BF727F4A282466FB4213A6F524C11BB6F88CDBDEC63F01B6CBF5B5496CB,4521,2026-07-22T14:26:37.7122632Z,tests\tools\test_update_spread_jumps.py,ACAC9BF727F4A282466FB4213A6F524C11BB6F88CDBDEC63F01B6CBF5B5496CB,4521,tests\tools\test_update_spread_jumps.py
IDENTICAL_RELATIVE_PATH,tests\webapp\__init__.py,E3B0C44298FC1C149AFBF4C8996FB92427AE41E4649B934CA495991B7852B855,0,2026-07-08T21:14:18.0000000Z,tests\webapp\__init__.py,E3B0C44298FC1C149AFBF4C8996FB92427AE41E4649B934CA495991B7852B855,0,src\monitor\__init__.py;temp\live_verify_btcusdt.jsonl;tests\__init__.py;tests\acquisition\__init__.py;tests\ai\__init__.py;tests\database\__init__.py;tests\latency_observer\__init__.py;tests\monitor\__init__.py;tests\mt5\__init__.py;tests\normalization\__init__.py;tests\orderflow\__init__.py;tests\signal\__init__.py;tests\tools\__init__.py;tests\webapp\__init__.py;webapp\__init__.py
IDENTICAL_RELATIVE_PATH,tests\webapp\test_api.py,690AD8C2FCB6F27BC40C2FF94AD99AD14DD78D5D4CF728D5C301D19E83CA88F8,12245,2026-07-22T22:06:22.0273460Z,tests\webapp\test_api.py,690AD8C2FCB6F27BC40C2FF94AD99AD14DD78D5D4CF728D5C301D19E83CA88F8,12245,tests\webapp\test_api.py
IDENTICAL_RELATIVE_PATH,tests\webapp\test_bar_update.py,B0BE5BF2B7192D0FBED62A9740E84E1CD9534673F0CC4DBADDC91EABD9B81FE2,4906,2026-07-22T21:56:04.3483361Z,tests\webapp\test_bar_update.py,B0BE5BF2B7192D0FBED62A9740E84E1CD9534673F0CC4DBADDC91EABD9B81FE2,4906,tests\webapp\test_bar_update.py
IDENTICAL_RELATIVE_PATH,tests\webapp\test_broker.py,EB9ED5B33459B087007C678FCFFDB2F4CE6E10BD630C554A562F080C31B9A938,1135,2026-07-08T21:23:00.0000000Z,tests\webapp\test_broker.py,EB9ED5B33459B087007C678FCFFDB2F4CE6E10BD630C554A562F080C31B9A938,1135,tests\webapp\test_broker.py
IDENTICAL_RELATIVE_PATH,tests\webapp\test_history.py,C5AE00246ADE3C14310C5F293D2AE6367B16C369BD69B9D77151A970D649076D,4292,2026-07-21T07:39:17.1195847Z,tests\webapp\test_history.py,C5AE00246ADE3C14310C5F293D2AE6367B16C369BD69B9D77151A970D649076D,4292,tests\webapp\test_history.py
IDENTICAL_RELATIVE_PATH,tests\webapp\test_market_poller.py,71BECB867F69F1A52135244A8052F8ED9EC1AB55AD79BF87906449C95BF5CC31,3219,2026-07-08T21:23:10.0000000Z,tests\webapp\test_market_poller.py,71BECB867F69F1A52135244A8052F8ED9EC1AB55AD79BF87906449C95BF5CC31,3219,tests\webapp\test_market_poller.py
IDENTICAL_RELATIVE_PATH,tests\webapp\test_oi_context.py,9E3CB29E6968F3C42FA9C46EF8D26F049C09ED6E91929DE66CDC243A5AFA51A2,3941,2026-07-22T11:02:32.6100325Z,tests\webapp\test_oi_context.py,9E3CB29E6968F3C42FA9C46EF8D26F049C09ED6E91929DE66CDC243A5AFA51A2,3941,tests\webapp\test_oi_context.py
IDENTICAL_RELATIVE_PATH,tests\webapp\test_push_broker.py,8620968DDB494A8A3F6E1AC6A024420F5AB884D72CDC8BC7899567E000FB5388,33113,2026-07-22T22:02:13.0396005Z,tests\webapp\test_push_broker.py,8620968DDB494A8A3F6E1AC6A024420F5AB884D72CDC8BC7899567E000FB5388,33113,tests\webapp\test_push_broker.py
IDENTICAL_RELATIVE_PATH,tests\webapp\test_version.py,A6AEFE52271EE30A5A29C3770035F4AA85B2EAEA535364B6B8E4120167ED5D32,1870,2026-07-18T00:28:38.4602444Z,tests\webapp\test_version.py,A6AEFE52271EE30A5A29C3770035F4AA85B2EAEA535364B6B8E4120167ED5D32,1870,tests\webapp\test_version.py
DIFFERENT_RELATIVE_PATH,tools\calibrate_cvd.py,1C7121C9A7019A6287847B3D3690AA417E14F2D16BB434C4D387B7918DA8F11D,6153,2026-07-23T03:34:24.3652149Z,tools\calibrate_cvd.py,DBD608E5EB68AE47787F93AA8F57F34935B0BC1ADA8BEA1EA954FCCACCD4BDA7,6072,
DIFFERENT_RELATIVE_PATH,tools\calibrate_refs.py,6EF575671A91989D8F7B8EE267C7F80E1D060AE89945DE0FD80BBB5A64EC5466,10050,2026-07-23T03:34:24.3637572Z,tools\calibrate_refs.py,1D044172653F14B17B8A92E3CC710631F6D4702001D1C8EC21389E1E0E27237C,9969,
IDENTICAL_RELATIVE_PATH,tools\check_config.py,AF29BEC35BFB9849547E8F66D55D1E22E57987CC3C476CA2F10B79D0D98256BB,1123,2026-07-07T15:46:16.0000000Z,tools\check_config.py,AF29BEC35BFB9849547E8F66D55D1E22E57987CC3C476CA2F10B79D0D98256BB,1123,tools\check_config.py
DIFFERENT_RELATIVE_PATH,tools\data\fetch_btcusdt_5m.py,52FD8E8AF6ADDE3CFB283EF052291106F574173CAC87E45CE3A7A91540768F60,4078,2026-07-23T03:35:12.9681990Z,tools\data\fetch_btcusdt_5m.py,F3E577680B87D8DDC1444703352B12E75FC9F419C838F94809F5ED2AFA0CD197,3906,
DIFFERENT_RELATIVE_PATH,tools\diagnose.py,A0D216D3225E66DB3236215E74237754648ECF10F21E92A75F53668147E6BCF9,6176,2026-07-23T03:37:16.6544963Z,tools\diagnose.py,08175F35B176F888CC28FD596C26AE43F81793045FDE92719C620AB4BF75AA31,6087,
DIFFERENT_RELATIVE_PATH,tools\evaluate_flow_strategies.py,6601024109294B04C93D31FCAAE23E304EA6EE8B1D7D8BFF1B157BAA65B6C979,33552,2026-07-23T03:33:57.8575291Z,tools\evaluate_flow_strategies.py,7D33DB3233E7DCB99C910A8AC66016BCC033AE6863835C376F076D8A837DC9C7,33315,
DIFFERENT_RELATIVE_PATH,tools\live_capture.py,5E021973FF95B05778B81A0D712974E48EB341430F2627A1D05618786038B609,3621,2026-07-23T03:35:12.9681990Z,tools\live_capture.py,84C040DE234CA7C0D2462151FC7E4FD68B9A234CBD21DC5C992FE9093732308B,3438,
IDENTICAL_RELATIVE_PATH,tools\live_verify.py,5DB34D97EFA8F78ED4F7A4C1D63A8BAEEA813DD62177747F741E83D5BE6D9485,4098,2026-07-08T14:18:52.0000000Z,tools\live_verify.py,5DB34D97EFA8F78ED4F7A4C1D63A8BAEEA813DD62177747F741E83D5BE6D9485,4098,tools\live_verify.py
DIFFERENT_RELATIVE_PATH,tools\measure_binance_to_ui.py,642DE3F1A7E723EA27C6F5DD17ECBB3470E24E7342C5F7C5D542FA258D450F3A,9764,2026-07-23T03:33:57.8558888Z,tools\measure_binance_to_ui.py,BB342447871364AE939822AB7B1C642C8DDD6354C933D9B868F7B97F28768CE7,9645,
DIFFERENT_RELATIVE_PATH,tools\observe_execution_costs.py,6A9057CD60F18639ABD3DE7C88E251F3C25D6B1053071C9B8D89B802EE649B10,23870,2026-07-23T03:33:28.6108702Z,tools\observe_execution_costs.py,8F0D3617070DDED2011491372668B6371B69EC8986D4E6EF72816F86AD2743B5,23218,
DIFFERENT_RELATIVE_PATH,tools\observe_hfm_binance.py,C88A4A8F06F78736B7958129F5A6470A70C0EA4B2EE10AF85B6D21860F1D29DE,13513,2026-07-23T03:33:05.1276628Z,tools\observe_hfm_binance.py,CD5E6867321A66B6F8F213884B21B954B3B5EC7E795B0756DC0EC01EB7ADFDC5,13210,
DIFFERENT_RELATIVE_PATH,tools\report_execution_costs.py,975976B384BE953F794641843657FA6E4F3D61F5B1332D0DBAF55205330F94BF,10264,2026-07-23T03:33:57.8544139Z,tools\report_execution_costs.py,A4CA7D4E895E1322821E7239ED6BEB0ED9ED5E446F2089753A52F62FA9B4A680,10122,
DIFFERENT_RELATIVE_PATH,tools\report_hfm_binance.py,30E5A2449827F5D03734FFEAD7F80EB2DFA6FE8ED9743AE2FB37A82B263A93F3,1668,2026-07-23T03:33:57.8558888Z,tools\report_hfm_binance.py,AAD523E08A5F6EBCFC7C12AB6DC758DC9EF6A29BB7BC5053BFB65B6C07A05CFD,1533,
DIFFERENT_RELATIVE_PATH,tools\run_update_spread_jumps.ps1,9E6D2222004F5EFC958F6F9ADE12FC5FD1C500B5FF5A5683C6B2223FC52F0196,296,2026-07-23T03:33:57.8652674Z,tools\run_update_spread_jumps.ps1,620A69317DABDEDFE47D9BC6B3107AD77C6FD770A8B454F4F205E5EC679081CF,288,
DIFFERENT_RELATIVE_PATH,tools\update_spread_jumps.py,E0D98FC6ABB3EE34CD5EC6B3368E5F10C852780D7EDEA683356EC96F50ADFA39,13206,2026-07-23T03:33:57.8632578Z,tools\update_spread_jumps.py,55A0BE50E547944355949890E9FCE3539AB9DCB3C7FFB8B61A45ED33AF490947,13185,
DIFFERENT_RELATIVE_PATH,tools\watch_hfm_binance_until.py,9448F480759FEFC36F61965ABB8D16759A52C43629CC3DE0ED868EA155DBEB4D,6440,2026-07-23T03:33:57.8609643Z,tools\watch_hfm_binance_until.py,1A044214550E9C18DF40A053D509CB86FACF485CB7BB4BD65DB01F36395CF692,6403,
IDENTICAL_RELATIVE_PATH,tools\ws_probe.py,E662DEF02DDDB6A2FC322CBCA350D33C753C9F978008366F9C464BA8D44F2C2D,1131,2026-07-08T12:45:44.0000000Z,tools\ws_probe.py,E662DEF02DDDB6A2FC322CBCA350D33C753C9F978008366F9C464BA8D44F2C2D,1131,tools\ws_probe.py
IDENTICAL_RELATIVE_PATH,tools\ws_probe2.py,2CAD7E96B2D09D7A8C0998BACD8D2C681D7548120A5BF6D9B74EA350901FD303,1978,2026-07-08T12:45:44.0000000Z,tools\ws_probe2.py,2CAD7E96B2D09D7A8C0998BACD8D2C681D7548120A5BF6D9B74EA350901FD303,1978,tools\ws_probe2.py
IDENTICAL_RELATIVE_PATH,tools\ws_probe3.py,D9D323199D5538D0283BABE2E9A6E9E8F64FD1B8E696C9FE6BA77EC869D2B5DA,461,2026-07-08T12:00:28.0000000Z,tools\ws_probe3.py,D9D323199D5538D0283BABE2E9A6E9E8F64FD1B8E696C9FE6BA77EC869D2B5DA,461,tools\ws_probe3.py
IDENTICAL_RELATIVE_PATH,webapp\__init__.py,E3B0C44298FC1C149AFBF4C8996FB92427AE41E4649B934CA495991B7852B855,0,2026-07-08T21:14:16.0000000Z,webapp\__init__.py,E3B0C44298FC1C149AFBF4C8996FB92427AE41E4649B934CA495991B7852B855,0,src\monitor\__init__.py;temp\live_verify_btcusdt.jsonl;tests\__init__.py;tests\acquisition\__init__.py;tests\ai\__init__.py;tests\database\__init__.py;tests\latency_observer\__init__.py;tests\monitor\__init__.py;tests\mt5\__init__.py;tests\normalization\__init__.py;tests\orderflow\__init__.py;tests\signal\__init__.py;tests\tools\__init__.py;tests\webapp\__init__.py;webapp\__init__.py
IDENTICAL_RELATIVE_PATH,webapp\broker.py,82ED0546C0AB15C8C3F0D35EDC645F3AE0571910D028A47491A6F3762471105A,1146,2026-07-08T21:14:28.0000000Z,webapp\broker.py,82ED0546C0AB15C8C3F0D35EDC645F3AE0571910D028A47491A6F3762471105A,1146,webapp\broker.py
IDENTICAL_RELATIVE_PATH,webapp\history.py,F9E9F6B9353F0348E1A9127DAC78DA18F6CBD81B38C8A3F76711B75DBB254FBF,5485,2026-07-22T08:36:08.6326897Z,webapp\history.py,F9E9F6B9353F0348E1A9127DAC78DA18F6CBD81B38C8A3F76711B75DBB254FBF,5485,webapp\history.py
DIFFERENT_RELATIVE_PATH,webapp\main.py,C5E42AFBCA5542AB579C510D3CFF446D66C174CBFA8AE4A74030FAFFFB79128D,18997,2026-07-23T03:30:56.3961166Z,webapp\main.py,3D07ADFDAD2DC20C86692E75B4A4C75FBCD48636E6986F8BCC28D748A7E2940D,18913,
IDENTICAL_RELATIVE_PATH,webapp\market_poller.py,D30B4AEFD037F599478AE085B366B9EC6E70EAF8DEA72E9327542AE030665D74,1731,2026-07-08T21:14:34.0000000Z,webapp\market_poller.py,D30B4AEFD037F599478AE085B366B9EC6E70EAF8DEA72E9327542AE030665D74,1731,webapp\market_poller.py
IDENTICAL_RELATIVE_PATH,webapp\oi_poller.py,443DCE502D5734B859CC4F0A075337762E9990B4A439E2126078EDDD9EF1DA86,2842,2026-07-22T08:36:28.4145037Z,webapp\oi_poller.py,443DCE502D5734B859CC4F0A075337762E9990B4A439E2126078EDDD9EF1DA86,2842,webapp\oi_poller.py
IDENTICAL_RELATIVE_PATH,webapp\push_broker.py,EA949B10E563414F2F9E524A9AA7E22806970EE20623786C8FC0FBFAC1CB1940,15423,2026-07-22T21:54:21.0759772Z,webapp\push_broker.py,EA949B10E563414F2F9E524A9AA7E22806970EE20623786C8FC0FBFAC1CB1940,15423,webapp\push_broker.py
IDENTICAL_RELATIVE_PATH,webapp\static\index.html,27500841268526AA1A524BB8B873783D722B52CB33823A4F763830E0FA584D1D,121117,2026-07-22T13:13:16.9146882Z,webapp\static\index.html,27500841268526AA1A524BB8B873783D722B52CB33823A4F763830E0FA584D1D,121117,webapp\static\index.html
IDENTICAL_RELATIVE_PATH,webapp\static\index.html.backup_20260718_213200,7AE691BCD339D502A14485FC0E9BD5AE8B0AAFDDAB879CEE507F274A28C3B25D,44379,2026-07-18T12:31:26.7947123Z,webapp\static\index.html.backup_20260718_213200,7AE691BCD339D502A14485FC0E9BD5AE8B0AAFDDAB879CEE507F274A28C3B25D,44379,webapp\static\index.html.backup_20260718_213200
DIFFERENT_RELATIVE_PATH,webapp\version.py,FB62AAB2746385B497B56FB904148A480751CDB6A35B91C2E1E68748670AFCCC,1891,2026-07-23T03:30:56.3974676Z,webapp\version.py,72947C5D41AAED1ED586C1E96E2F2EA91F256DDF8B6FC4C787B667D40C347807,2375,
MISSING_IN_30M,,,,,mt5\HFMQuoteObserver.ex5,DB2B897D529F123263704090F27DA1B3DF7637204EFF706F58BB202E0D2721EC,8618,mt5\HFMQuoteObserver.ex5
MISSING_IN_30M,,,,,mt5\HFMQuoteObserver.mq5,557C2E689A227E498902C9428E35988E3491842E7AAA351052BDC7A23FF8931C,1889,mt5\HFMQuoteObserver.mq5
MISSING_IN_30M,,,,,temp\live_verify_btcusdt.jsonl,E3B0C44298FC1C149AFBF4C8996FB92427AE41E4649B934CA495991B7852B855,0,temp\live_verify_btcusdt.jsonl
